Year,Month,Segment,Region,KPI,Value Type,Value
2020,12,Clients,India,Lv1_Visitors,Actuals,36.65558
2020,12,Clients,India,Lv2_Visitors,Actuals,26.89569
2020,12,Clients,India,Lv3_Visitors,Actuals,13.00571
2020,12,Clients,India,Lv4_Visitors,Actuals,7.17608
2020,12,Clients,India,Lv3_Visitors,Actuals,7.06677
2020,12,Clients,India,Lv5_Visitors,Actuals,2.55723
2020,12,Clients,India,Lv4_Visitors,Actuals,1.80125
2020,12,Clients,India,Lv5_Visitors,Actuals,0.74768
2021,12,Clients,India,Lv1_Visitors,Actuals,35.43797
2021,12,Clients,India,Lv2_Visitors,Actuals,21.9942
2021,12,Clients,India,Lv3_Visitors,Actuals,11.05675
2021,12,Clients,India,Lv3_Visitors,Actuals,6.77096
2021,12,Clients,India,Lv4_Visitors,Actuals,6.32424
2021,12,Clients,India,Lv5_Visitors,Actuals,2.16178
2021,12,Clients,India,Lv4_Visitors,Actuals,1.80821
2021,12,Clients,India,Lv5_Visitors,Actuals,0.69345
2022,12,Clients,India,Lv1_Visitors,Actuals,32.2369
2022,12,Clients,India,Lv2_Visitors,Actuals,21.06583
2022,12,Clients,India,Lv3_Visitors,Actuals,17.25522
2022,12,Clients,India,Lv4_Visitors,Actuals,7.48273
2022,12,Clients,Uddepy,Lv1_Visitors,Actuals,6.29047
2022,12,Clients,Uddepy,Lv2_Visitors,Actuals,3.78447
2022,12,Clients,Uddepy,Lv3_Visitors,Actuals,3.71666
2022,12,Clients,Dehradun,Lv1_Visitors,Actuals,2.4137
2022,12,Clients,Ujjain,Lv1_Visitors,Actuals,1.78976
2022,12,Clients,Dehradun,Lv2_Visitors,Actuals,1.49024
2022,12,Clients,Indore,Lv1_Visitors,Actuals,1.19475
2022,12,Clients,Uddepy,Lv4_Visitors,Actuals,1.1895
2022,12,Clients,Dehradun,Lv3_Visitors,Actuals,1.1857
2022,12,Clients,Ujjain,Lv2_Visitors,Actuals,1.12987
2022,12,Clients,Ujjain,Lv3_Visitors,Actuals,0.78884
2022,12,Clients,India,Lv5_Visitors,Actuals,0.75211
2022,12,Clients,Indore,Lv2_Visitors,Actuals,0.72804
2022,12,Clients,Indore,Lv3_Visitors,Actuals,0.64064
2022,12,Clients,Dehradun,Lv4_Visitors,Actuals,0.53146
2022,12,Clients,Ujjain,Lv4_Visitors,Actuals,0.37404
2022,12,Clients,Indore,Lv4_Visitors,Actuals,0.30773
2022,12,Clients,Uddepy,Lv5_Visitors,Actuals,0.14855
2022,12,Clients,Dehradun,Lv5_Visitors,Actuals,0.0788
2022,12,Clients,Ujjain,Lv5_Visitors,Actuals,0.05632
2022,12,Clients,Indore,Lv5_Visitors,Actuals,0.04335
2020,11,Clients,India,Lv1_Visitors,Actuals,36.34761
2020,11,Clients,India,Lv2_Visitors,Actuals,25.10682
2020,11,Clients,India,Lv3_Visitors,Actuals,13.46038
2020,11,Clients,India,Lv3_Visitors,Actuals,7.51349
2020,11,Clients,India,Lv4_Visitors,Actuals,7.5071
2020,11,Clients,India,Lv5_Visitors,Actuals,2.72017
2020,11,Clients,India,Lv4_Visitors,Actuals,1.87646
2020,11,Clients,India,Lv5_Visitors,Actuals,0.8168
2021,11,Clients,India,Lv1_Visitors,Actuals,36.65788
2021,11,Clients,India,Lv2_Visitors,Actuals,22.61094
2021,11,Clients,India,Lv3_Visitors,Actuals,11.54974
2021,11,Clients,India,Lv4_Visitors,Actuals,6.94316
2021,11,Clients,India,Lv3_Visitors,Actuals,6.88464
2021,11,Clients,India,Lv5_Visitors,Actuals,2.43224
2021,11,Clients,India,Lv4_Visitors,Actuals,1.93567
2021,11,Clients,India,Lv5_Visitors,Actuals,0.78573
2022,11,Clients,India,Lv1_Visitors,Actuals,35.58134
2022,11,Clients,India,Lv2_Visitors,Actuals,22.99894
2022,11,Clients,India,Lv3_Visitors,Actuals,17.53542
2022,11,Clients,India,Lv4_Visitors,Actuals,8.43778
2022,11,Clients,Uddepy,Lv1_Visitors,Actuals,6.68392
2022,11,Clients,Uddepy,Lv2_Visitors,Actuals,4.01651
2022,11,Clients,Uddepy,Lv3_Visitors,Actuals,3.04239
2022,11,Clients,India,Lv5_Visitors,Actuals,3.02037
2022,11,Clients,Dehradun,Lv1_Visitors,Actuals,2.86604
2022,11,Clients,Ujjain,Lv1_Visitors,Actuals,2.09151
2022,11,Clients,Dehradun,Lv2_Visitors,Actuals,1.74726
2022,11,Clients,Indore,Lv1_Visitors,Actuals,1.35254
2022,11,Clients,Dehradun,Lv3_Visitors,Actuals,1.34907
2022,11,Clients,Uddepy,Lv4_Visitors,Actuals,1.32765
2022,11,Clients,Ujjain,Lv2_Visitors,Actuals,1.32272
2022,11,Clients,Ujjain,Lv3_Visitors,Actuals,0.92759
2022,11,Clients,Indore,Lv2_Visitors,Actuals,0.80884
2022,11,Clients,Indore,Lv3_Visitors,Actuals,0.67546
2022,11,Clients,Dehradun,Lv4_Visitors,Actuals,0.6178
2022,11,Clients,Uddepy,Lv5_Visitors,Actuals,0.56624
2022,11,Clients,Ujjain,Lv4_Visitors,Actuals,0.46469
2022,11,Clients,Indore,Lv4_Visitors,Actuals,0.33489
2022,11,Clients,Dehradun,Lv5_Visitors,Actuals,0.30544
2022,11,Clients,Ujjain,Lv5_Visitors,Actuals,0.21321
2022,11,Clients,Indore,Lv5_Visitors,Actuals,0.16528
2020,10,Clients,India,Lv1_Visitors,Actuals,42.86063
2020,10,Clients,India,Lv2_Visitors,Actuals,29.2328
2020,10,Clients,India,Lv3_Visitors,Actuals,16.25888
2020,10,Clients,India,Lv3_Visitors,Actuals,10.94291
2020,10,Clients,India,Lv4_Visitors,Actuals,9.25999
2020,10,Clients,India,Lv5_Visitors,Actuals,3.02759
2020,10,Clients,India,Lv4_Visitors,Actuals,2.21037
2020,10,Clients,India,Lv5_Visitors,Actuals,0.91531
2021,10,Clients,India,Lv1_Visitors,Actuals,32.23253
2021,10,Clients,India,Lv2_Visitors,Actuals,20.25461
2021,10,Clients,India,Lv3_Visitors,Actuals,10.84128
2021,10,Clients,India,Lv3_Visitors,Actuals,6.22252
2021,10,Clients,India,Lv4_Visitors,Actuals,6.12737
2021,10,Clients,India,Lv5_Visitors,Actuals,2.13163
2021,10,Clients,India,Lv4_Visitors,Actuals,1.67563
2021,10,Clients,India,Lv5_Visitors,Actuals,0.67336
2022,10,Clients,India,Lv1_Visitors,Actuals,33.75812
2022,10,Clients,India,Lv2_Visitors,Actuals,21.06685
2022,10,Clients,India,Lv3_Visitors,Actuals,15.96552
2022,10,Clients,India,Lv4_Visitors,Actuals,7.33809
2022,10,Clients,Uddepy,Lv1_Visitors,Actuals,7.21205
2022,10,Clients,Uddepy,Lv2_Visitors,Actuals,4.1613
2022,10,Clients,Uddepy,Lv3_Visitors,Actuals,3.37804
2022,10,Clients,Dehradun,Lv1_Visitors,Actuals,2.91831
2022,10,Clients,India,Lv5_Visitors,Actuals,2.54773
2022,10,Clients,Ujjain,Lv1_Visitors,Actuals,1.87359
2022,10,Clients,Dehradun,Lv2_Visitors,Actuals,1.75647
2022,10,Clients,Dehradun,Lv3_Visitors,Actuals,1.40333
2022,10,Clients,Indore,Lv1_Visitors,Actuals,1.29633
2022,10,Clients,Uddepy,Lv4_Visitors,Actuals,1.24825
2022,10,Clients,Ujjain,Lv2_Visitors,Actuals,1.19056
2022,10,Clients,Ujjain,Lv3_Visitors,Actuals,0.92372
2022,10,Clients,Indore,Lv2_Visitors,Actuals,0.77078
2022,10,Clients,Dehradun,Lv4_Visitors,Actuals,0.63964
2022,10,Clients,Indore,Lv3_Visitors,Actuals,0.60089
2022,10,Clients,Uddepy,Lv5_Visitors,Actuals,0.54849
2022,10,Clients,Ujjain,Lv4_Visitors,Actuals,0.44459
2022,10,Clients,Indore,Lv4_Visitors,Actuals,0.31457
2022,10,Clients,Dehradun,Lv5_Visitors,Actuals,0.30911
2022,10,Clients,Ujjain,Lv5_Visitors,Actuals,0.19919
2022,10,Clients,Indore,Lv5_Visitors,Actuals,0.15486
2020,9,Clients,India,Lv1_Visitors,Actuals,33.77895
2020,9,Clients,India,Lv2_Visitors,Actuals,22.96989
2020,9,Clients,India,Lv3_Visitors,Actuals,12.84911
2020,9,Clients,India,Lv3_Visitors,Actuals,7.67938
2020,9,Clients,India,Lv4_Visitors,Actuals,7.18836
2020,9,Clients,India,Lv5_Visitors,Actuals,2.39246
2020,9,Clients,India,Lv4_Visitors,Actuals,1.78274
2020,9,Clients,India,Lv5_Visitors,Actuals,0.72639
2021,9,Clients,India,Lv1_Visitors,Actuals,30.17046
2021,9,Clients,India,Lv2_Visitors,Actuals,19.42594
2021,9,Clients,India,Lv3_Visitors,Actuals,10.49227
2021,9,Clients,India,Lv4_Visitors,Actuals,5.91901
2021,9,Clients,India,Lv3_Visitors,Actuals,5.74014
2021,9,Clients,India,Lv5_Visitors,Actuals,1.974
2021,9,Clients,India,Lv4_Visitors,Actuals,1.60398
2021,9,Clients,India,Lv5_Visitors,Actuals,0.63347
2022,9,Clients,India,Lv1_Visitors,Actuals,33.11139
2022,9,Clients,India,Lv2_Visitors,Actuals,20.69084
2022,9,Clients,India,Lv3_Visitors,Actuals,16.33456
2022,9,Clients,India,Lv4_Visitors,Actuals,6.88525
2022,9,Clients,Uddepy,Lv1_Visitors,Actuals,6.37436
2022,9,Clients,Uddepy,Lv3_Visitors,Actuals,3.91814
2022,9,Clients,Uddepy,Lv2_Visitors,Actuals,3.77863
2022,9,Clients,Dehradun,Lv1_Visitors,Actuals,2.60916
2022,9,Clients,India,Lv5_Visitors,Actuals,2.2262
2022,9,Clients,Ujjain,Lv1_Visitors,Actuals,1.90564
2022,9,Clients,Dehradun,Lv2_Visitors,Actuals,1.52112
2022,9,Clients,Indore,Lv1_Visitors,Actuals,1.22401
2022,9,Clients,Ujjain,Lv2_Visitors,Actuals,1.19173
2022,9,Clients,Dehradun,Lv3_Visitors,Actuals,1.12103
2022,9,Clients,Uddepy,Lv4_Visitors,Actuals,1.10464
2022,9,Clients,Ujjain,Lv3_Visitors,Actuals,0.95048
2022,9,Clients,Indore,Lv2_Visitors,Actuals,0.72145
2022,9,Clients,Indore,Lv3_Visitors,Actuals,0.54655
2022,9,Clients,Uddepy,Lv5_Visitors,Actuals,0.49816
2022,9,Clients,Dehradun,Lv4_Visitors,Actuals,0.4861
2022,9,Clients,Ujjain,Lv4_Visitors,Actuals,0.40322
2022,9,Clients,Indore,Lv4_Visitors,Actuals,0.27453
2022,9,Clients,Dehradun,Lv5_Visitors,Actuals,0.23781
2022,9,Clients,Ujjain,Lv5_Visitors,Actuals,0.17034
2022,9,Clients,Indore,Lv5_Visitors,Actuals,0.13384
2020,8,Clients,India,Lv1_Visitors,Actuals,31.33
2020,8,Clients,India,Lv2_Visitors,Actuals,21.2563
2020,8,Clients,India,Lv3_Visitors,Actuals,11.85043
2020,8,Clients,India,Lv3_Visitors,Actuals,6.90996
2020,8,Clients,India,Lv4_Visitors,Actuals,6.3138
2020,8,Clients,India,Lv5_Visitors,Actuals,2.0857
2020,8,Clients,India,Lv4_Visitors,Actuals,1.59207
2020,8,Clients,India,Lv5_Visitors,Actuals,0.62262
2021,8,Clients,India,Lv1_Visitors,Actuals,32.35262
2021,8,Clients,India,Lv2_Visitors,Actuals,20.71017
2021,8,Clients,India,Lv3_Visitors,Actuals,10.99827
2021,8,Clients,India,Lv4_Visitors,Actuals,6.34847
2021,8,Clients,India,Lv3_Visitors,Actuals,5.99431
2021,8,Clients,India,Lv5_Visitors,Actuals,1.97779
2021,8,Clients,India,Lv4_Visitors,Actuals,1.78201
2021,8,Clients,India,Lv5_Visitors,Actuals,0.6757
2022,8,Clients,India,Lv1_Visitors,Actuals,33.58925
2022,8,Clients,India,Lv2_Visitors,Actuals,21.0521
2022,8,Clients,India,Lv3_Visitors,Actuals,15.62609
2022,8,Clients,India,Lv4_Visitors,Actuals,6.95978
2022,8,Clients,Uddepy,Lv1_Visitors,Actuals,6.78388
2022,8,Clients,Uddepy,Lv2_Visitors,Actuals,3.9626
2022,8,Clients,Uddepy,Lv3_Visitors,Actuals,3.20749
2022,8,Clients,Dehradun,Lv1_Visitors,Actuals,2.58932
2022,8,Clients,India,Lv5_Visitors,Actuals,2.33506
2022,8,Clients,Ujjain,Lv1_Visitors,Actuals,1.90113
2022,8,Clients,Dehradun,Lv2_Visitors,Actuals,1.56388
2022,8,Clients,Ujjain,Lv2_Visitors,Actuals,1.23837
2022,8,Clients,Indore,Lv1_Visitors,Actuals,1.15776
2022,8,Clients,Uddepy,Lv4_Visitors,Actuals,1.14407
2022,8,Clients,Dehradun,Lv3_Visitors,Actuals,1.10607
2022,8,Clients,Ujjain,Lv3_Visitors,Actuals,1.06034
2022,8,Clients,Indore,Lv2_Visitors,Actuals,0.69795
2022,8,Clients,Uddepy,Lv5_Visitors,Actuals,0.52588
2022,8,Clients,Indore,Lv3_Visitors,Actuals,0.51169
2022,8,Clients,Dehradun,Lv4_Visitors,Actuals,0.48582
2022,8,Clients,Ujjain,Lv4_Visitors,Actuals,0.41301
2022,8,Clients,Indore,Lv4_Visitors,Actuals,0.26648
2022,8,Clients,Dehradun,Lv5_Visitors,Actuals,0.23736
2022,8,Clients,Ujjain,Lv5_Visitors,Actuals,0.18685
2022,8,Clients,Indore,Lv5_Visitors,Actuals,0.12512
2020,7,Clients,India,Lv1_Visitors,Actuals,35.86692
2020,7,Clients,India,Lv2_Visitors,Actuals,24.6147
2020,7,Clients,India,Lv3_Visitors,Actuals,14.37585
2020,7,Clients,India,Lv3_Visitors,Actuals,7.87621
2020,7,Clients,India,Lv4_Visitors,Actuals,7.67861
2020,7,Clients,India,Lv5_Visitors,Actuals,2.62065
2020,7,Clients,India,Lv4_Visitors,Actuals,1.8668
2020,7,Clients,India,Lv5_Visitors,Actuals,0.73677
2021,7,Clients,India,Lv1_Visitors,Actuals,28.83471
2021,7,Clients,India,Lv2_Visitors,Actuals,18.8569
2021,7,Clients,India,Lv3_Visitors,Actuals,10.13262
2021,7,Clients,India,Lv4_Visitors,Actuals,5.86156
2021,7,Clients,India,Lv3_Visitors,Actuals,5.17551
2021,7,Clients,India,Lv5_Visitors,Actuals,1.88447
2021,7,Clients,India,Lv4_Visitors,Actuals,1.44421
2021,7,Clients,India,Lv5_Visitors,Actuals,0.54953
2022,7,Clients,India,Lv1_Visitors,Actuals,35.07414
2022,7,Clients,India,Lv2_Visitors,Actuals,22.27847
2022,7,Clients,India,Lv3_Visitors,Actuals,16.15793
2022,7,Clients,India,Lv4_Visitors,Actuals,7.58856
2022,7,Clients,Uddepy,Lv1_Visitors,Actuals,7.14383
2022,7,Clients,Uddepy,Lv2_Visitors,Actuals,4.34691
2022,7,Clients,Uddepy,Lv3_Visitors,Actuals,3.17351
2022,7,Clients,Dehradun,Lv1_Visitors,Actuals,2.63142
2022,7,Clients,India,Lv5_Visitors,Actuals,2.50201
2022,7,Clients,Ujjain,Lv1_Visitors,Actuals,1.93397
2022,7,Clients,Dehradun,Lv2_Visitors,Actuals,1.62021
2022,7,Clients,Uddepy,Lv4_Visitors,Actuals,1.31436
2022,7,Clients,Ujjain,Lv2_Visitors,Actuals,1.27497
2022,7,Clients,Dehradun,Lv3_Visitors,Actuals,1.185
2022,7,Clients,Indore,Lv1_Visitors,Actuals,1.15834
2022,7,Clients,Ujjain,Lv3_Visitors,Actuals,1.06839
2022,7,Clients,Indore,Lv2_Visitors,Actuals,0.6989
2022,7,Clients,Uddepy,Lv5_Visitors,Actuals,0.56878
2022,7,Clients,Dehradun,Lv4_Visitors,Actuals,0.52183
2022,7,Clients,Indore,Lv3_Visitors,Actuals,0.00512
2022,7,Clients,Ujjain,Lv4_Visitors,Actuals,0.44173
2022,7,Clients,Indore,Lv4_Visitors,Actuals,0.27102
2022,7,Clients,Dehradun,Lv5_Visitors,Actuals,0.25389
2022,7,Clients,Ujjain,Lv5_Visitors,Actuals,0.19955
2022,7,Clients,Indore,Lv5_Visitors,Actuals,0.12854
2020,6,Clients,India,Lv1_Visitors,Actuals,40.35885
2020,6,Clients,India,Lv2_Visitors,Actuals,27.97449
2020,6,Clients,India,Lv3_Visitors,Actuals,17.56712
2020,6,Clients,India,Lv4_Visitors,Actuals,9.63234
2020,6,Clients,India,Lv3_Visitors,Actuals,8.77876
2020,6,Clients,India,Lv5_Visitors,Actuals,3.31538
2020,6,Clients,India,Lv4_Visitors,Actuals,2.18565
2020,6,Clients,India,Lv5_Visitors,Actuals,0.84189
2021,6,Clients,India,Lv1_Visitors,Actuals,27.90598
2021,6,Clients,India,Lv2_Visitors,Actuals,17.70074
2021,6,Clients,India,Lv3_Visitors,Actuals,9.39509
2021,6,Clients,India,Lv3_Visitors,Actuals,5.27377
2021,6,Clients,India,Lv4_Visitors,Actuals,5.13448
2021,6,Clients,India,Lv5_Visitors,Actuals,1.6016
2021,6,Clients,India,Lv4_Visitors,Actuals,1.29317
2021,6,Clients,India,Lv5_Visitors,Actuals,0.49641
2022,6,Clients,India,Lv1_Visitors,Actuals,32.94811
2022,6,Clients,India,Lv2_Visitors,Actuals,21.21053
2022,6,Clients,India,Lv3_Visitors,Actuals,15.63578
2022,6,Clients,India,Lv4_Visitors,Actuals,6.9922
2022,6,Clients,Uddepy,Lv1_Visitors,Actuals,6.77346
2022,6,Clients,Uddepy,Lv2_Visitors,Actuals,4.11234
2022,6,Clients,Uddepy,Lv3_Visitors,Actuals,3.05102
2022,6,Clients,Dehradun,Lv1_Visitors,Actuals,2.71351
2022,6,Clients,India,Lv5_Visitors,Actuals,2.33305
2022,6,Clients,Ujjain,Lv1_Visitors,Actuals,1.79533
2022,6,Clients,Dehradun,Lv2_Visitors,Actuals,1.64055
2022,6,Clients,Indore,Lv1_Visitors,Actuals,1.22356
2022,6,Clients,Dehradun,Lv3_Visitors,Actuals,1.20005
2022,6,Clients,Uddepy,Lv4_Visitors,Actuals,1.16665
2022,6,Clients,Ujjain,Lv2_Visitors,Actuals,1.16128
2022,6,Clients,Ujjain,Lv3_Visitors,Actuals,0.95054
2022,6,Clients,Indore,Lv2_Visitors,Actuals,0.73607
2022,6,Clients,Indore,Lv3_Visitors,Actuals,0.56466
2022,6,Clients,Uddepy,Lv5_Visitors,Actuals,0.52077
2022,6,Clients,Dehradun,Lv4_Visitors,Actuals,0.51236
2022,6,Clients,Ujjain,Lv4_Visitors,Actuals,0.37274
2022,6,Clients,Indore,Lv4_Visitors,Actuals,0.28059
2022,6,Clients,Dehradun,Lv5_Visitors,Actuals,0.25072
2022,6,Clients,Ujjain,Lv5_Visitors,Actuals,0.17079
2022,6,Clients,Indore,Lv5_Visitors,Actuals,0.13384
2020,5,Clients,India,Lv1_Visitors,Actuals,47.03447
2020,5,Clients,India,Lv2_Visitors,Actuals,33.33479
2020,5,Clients,India,Lv3_Visitors,Actuals,22.26575
2020,5,Clients,India,Lv4_Visitors,Actuals,14.21116
2020,5,Clients,India,Lv3_Visitors,Actuals,11.66935
2020,5,Clients,India,Lv5_Visitors,Actuals,4.28245
2020,5,Clients,India,Lv5_Visitors,Actuals,1.07262
2021,5,Clients,India,Lv1_Visitors,Actuals,32.78319
2021,5,Clients,India,Lv2_Visitors,Actuals,21.11235
2021,5,Clients,India,Lv3_Visitors,Actuals,11.10378
2021,5,Clients,India,Lv4_Visitors,Actuals,6.22611
2021,5,Clients,India,Lv3_Visitors,Actuals,5.98734
2021,5,Clients,India,Lv5_Visitors,Actuals,2.11608
2021,5,Clients,India,Lv4_Visitors,Actuals,1.59575
2021,5,Clients,India,Lv5_Visitors,Actuals,0.64313
2022,5,Clients,India,Lv1_Visitors,Actuals,33.02399
2022,5,Clients,India,Lv2_Visitors,Actuals,20.97116
2022,5,Clients,India,Lv3_Visitors,Actuals,14.99693
2022,5,Clients,Uddepy,Lv1_Visitors,Actuals,7.08522
2022,5,Clients,India,Lv4_Visitors,Actuals,6.80125
2022,5,Clients,Uddepy,Lv2_Visitors,Actuals,4.25393
2022,5,Clients,Uddepy,Lv3_Visitors,Actuals,2.98425
2022,5,Clients,Dehradun,Lv1_Visitors,Actuals,2.7373
2022,5,Clients,India,Lv5_Visitors,Actuals,2.3487
2022,5,Clients,Ujjain,Lv1_Visitors,Actuals,1.70513
2022,5,Clients,Dehradun,Lv2_Visitors,Actuals,1.62386
2022,5,Clients,Indore,Lv1_Visitors,Actuals,1.20072
2022,5,Clients,Uddepy,Lv4_Visitors,Actuals,1.13906
2022,5,Clients,Dehradun,Lv3_Visitors,Actuals,1.09222
2022,5,Clients,Ujjain,Lv2_Visitors,Actuals,1.06487
2022,5,Clients,Ujjain,Lv3_Visitors,Actuals,0.80925
2022,5,Clients,Indore,Lv2_Visitors,Actuals,0.69917
2022,5,Clients,Indore,Lv3_Visitors,Actuals,0.59968
2022,5,Clients,Uddepy,Lv5_Visitors,Actuals,0.52446
2022,5,Clients,Dehradun,Lv4_Visitors,Actuals,0.51978
2022,5,Clients,Ujjain,Lv4_Visitors,Actuals,0.36776
2022,5,Clients,Indore,Lv4_Visitors,Actuals,0.26418
2022,5,Clients,Dehradun,Lv5_Visitors,Actuals,0.25944
2022,5,Clients,Ujjain,Lv5_Visitors,Actuals,0.17294
2022,5,Clients,Indore,Lv5_Visitors,Actuals,0.12773
2020,4,Clients,India,Lv1_Visitors,Actuals,45.83672
2020,4,Clients,India,Lv2_Visitors,Actuals,31.57506
2020,4,Clients,India,Lv3_Visitors,Actuals,20.46021
2020,4,Clients,India,Lv4_Visitors,Actuals,13.87311
2020,4,Clients,India,Lv3_Visitors,Actuals,12.63385
2020,4,Clients,India,Lv5_Visitors,Actuals,4.38289
2020,4,Clients,India,Lv4_Visitors,Actuals,3.6334
2020,4,Clients,India,Lv5_Visitors,Actuals,1.16838
2021,4,Clients,India,Lv1_Visitors,Actuals,30.57604
2021,4,Clients,India,Lv2_Visitors,Actuals,19.53667
2021,4,Clients,India,Lv3_Visitors,Actuals,10.29518
2021,4,Clients,India,Lv4_Visitors,Actuals,5.69614
2021,4,Clients,India,Lv3_Visitors,Actuals,5.3841
2021,4,Clients,India,Lv5_Visitors,Actuals,1.86024
2021,4,Clients,India,Lv4_Visitors,Actuals,1.4527
2021,4,Clients,India,Lv5_Visitors,Actuals,0.57111
2022,4,Clients,India,Lv1_Visitors,Actuals,31.31811
2022,4,Clients,India,Lv2_Visitors,Actuals,19.49385
2022,4,Clients,India,Lv3_Visitors,Actuals,15.12154
2022,4,Clients,Uddepy,Lv1_Visitors,Actuals,7.29814
2022,4,Clients,India,Lv4_Visitors,Actuals,7.08302
2022,4,Clients,Uddepy,Lv2_Visitors,Actuals,4.35056
2022,4,Clients,Uddepy,Lv3_Visitors,Actuals,3.41666
2022,4,Clients,India,Lv5_Visitors,Actuals,2.53296
2022,4,Clients,Dehradun,Lv1_Visitors,Actuals,2.37507
2022,4,Clients,Ujjain,Lv1_Visitors,Actuals,1.51763
2022,4,Clients,Dehradun,Lv2_Visitors,Actuals,1.35399
2022,4,Clients,Uddepy,Lv4_Visitors,Actuals,1.32768
2022,4,Clients,Indore,Lv1_Visitors,Actuals,1.11786
2022,4,Clients,Dehradun,Lv3_Visitors,Actuals,1.04451
2022,4,Clients,Ujjain,Lv2_Visitors,Actuals,0.00885
2022,4,Clients,Ujjain,Lv3_Visitors,Actuals,0.72576
2022,4,Clients,Indore,Lv2_Visitors,Actuals,0.6309
2022,4,Clients,Uddepy,Lv5_Visitors,Actuals,0.61592
2022,4,Clients,Indore,Lv3_Visitors,Actuals,0.54853
2022,4,Clients,Dehradun,Lv4_Visitors,Actuals,0.51486
2022,4,Clients,Ujjain,Lv4_Visitors,Actuals,0.35822
2022,4,Clients,Indore,Lv4_Visitors,Actuals,0.27677
2022,4,Clients,Dehradun,Lv5_Visitors,Actuals,0.25226
2022,4,Clients,Ujjain,Lv5_Visitors,Actuals,0.16504
2022,4,Clients,Indore,Lv5_Visitors,Actuals,0.13498
2020,3,Clients,India,Lv1_Visitors,Actuals,34.53194
2020,3,Clients,India,Lv2_Visitors,Actuals,23.34668
2020,3,Clients,India,Lv3_Visitors,Actuals,14.03406
2020,3,Clients,India,Lv3_Visitors,Actuals,10.36956
2020,3,Clients,India,Lv4_Visitors,Actuals,9.23885
2020,3,Clients,India,Lv5_Visitors,Actuals,2.92325
2020,3,Clients,India,Lv4_Visitors,Actuals,2.62937
2020,3,Clients,India,Lv5_Visitors,Actuals,0.88429
2021,3,Clients,India,Lv1_Visitors,Actuals,30.48799
2021,3,Clients,India,Lv2_Visitors,Actuals,19.56176
2021,3,Clients,India,Lv3_Visitors,Actuals,10.91291
2021,3,Clients,India,Lv4_Visitors,Actuals,5.89659
2021,3,Clients,India,Lv3_Visitors,Actuals,5.54802
2021,3,Clients,India,Lv5_Visitors,Actuals,1.94989
2021,3,Clients,India,Lv4_Visitors,Actuals,1.50339
2021,3,Clients,India,Lv5_Visitors,Actuals,0.62451
2022,3,Clients,India,Lv1_Visitors,Actuals,34.40102
2022,3,Clients,India,Lv2_Visitors,Actuals,21.01273
2022,3,Clients,India,Lv3_Visitors,Actuals,16.65241
2022,3,Clients,Uddepy,Lv1_Visitors,Actuals,7.36291
2022,3,Clients,India,Lv4_Visitors,Actuals,7.12806
2022,3,Clients,Uddepy,Lv2_Visitors,Actuals,4.40414
2022,3,Clients,Uddepy,Lv3_Visitors,Actuals,4.00775
2022,3,Clients,India,Lv5_Visitors,Actuals,2.49598
2022,3,Clients,Dehradun,Lv1_Visitors,Actuals,2.39667
2022,3,Clients,Ujjain,Lv1_Visitors,Actuals,1.58297
2022,3,Clients,Dehradun,Lv2_Visitors,Actuals,1.33742
2022,3,Clients,Uddepy,Lv4_Visitors,Actuals,1.25802
2022,3,Clients,Indore,Lv1_Visitors,Actuals,1.1536
2022,3,Clients,Dehradun,Lv3_Visitors,Actuals,0.9912
2022,3,Clients,Ujjain,Lv2_Visitors,Actuals,0.90967
2022,3,Clients,Ujjain,Lv3_Visitors,Actuals,0.75308
2022,3,Clients,Indore,Lv2_Visitors,Actuals,0.64633
2022,3,Clients,Uddepy,Lv5_Visitors,Actuals,0.58905
2022,3,Clients,Indore,Lv3_Visitors,Actuals,0.5552
2022,3,Clients,Dehradun,Lv4_Visitors,Actuals,0.46243
2022,3,Clients,Ujjain,Lv4_Visitors,Actuals,0.35176
2022,3,Clients,Indore,Lv4_Visitors,Actuals,0.28492
2022,3,Clients,Dehradun,Lv5_Visitors,Actuals,0.23066
2022,3,Clients,Ujjain,Lv5_Visitors,Actuals,0.15515
2022,3,Clients,Indore,Lv5_Visitors,Actuals,0.14214
2020,2,Clients,India,Lv1_Visitors,Actuals,29.7645
2020,2,Clients,India,Lv2_Visitors,Actuals,20.21915
2020,2,Clients,India,Lv3_Visitors,Actuals,12.00512
2020,2,Clients,India,Lv3_Visitors,Actuals,9.01147
2020,2,Clients,India,Lv4_Visitors,Actuals,7.88251
2020,2,Clients,India,Lv5_Visitors,Actuals,2.44201
2020,2,Clients,India,Lv4_Visitors,Actuals,2.231
2020,2,Clients,India,Lv5_Visitors,Actuals,0.74488
2021,2,Clients,India,Lv1_Visitors,Actuals,30.67802
2021,2,Clients,India,Lv2_Visitors,Actuals,21.27445
2021,2,Clients,India,Lv3_Visitors,Actuals,11.11335
2021,2,Clients,India,Lv4_Visitors,Actuals,5.83821
2021,2,Clients,India,Lv3_Visitors,Actuals,5.61741
2021,2,Clients,India,Lv5_Visitors,Actuals,1.99009
2021,2,Clients,India,Lv4_Visitors,Actuals,1.48321
2021,2,Clients,India,Lv5_Visitors,Actuals,0.61206
2022,2,Clients,India,Lv1_Visitors,Actuals,33.20725
2022,2,Clients,India,Lv2_Visitors,Actuals,20.68096
2022,2,Clients,India,Lv3_Visitors,Actuals,16.7656
2022,2,Clients,India,Lv4_Visitors,Actuals,7.92673
2022,2,Clients,Uddepy,Lv1_Visitors,Actuals,7.45754
2022,2,Clients,Uddepy,Lv2_Visitors,Actuals,4.43097
2022,2,Clients,Uddepy,Lv3_Visitors,Actuals,3.56986
2022,2,Clients,India,Lv5_Visitors,Actuals,2.81102
2022,2,Clients,Dehradun,Lv1_Visitors,Actuals,2.62596
2022,2,Clients,Ujjain,Lv1_Visitors,Actuals,1.58252
2022,2,Clients,Uddepy,Lv4_Visitors,Actuals,1.49348
2022,2,Clients,Dehradun,Lv2_Visitors,Actuals,1.48772
2022,2,Clients,Indore,Lv1_Visitors,Actuals,1.27288
2022,2,Clients,Dehradun,Lv3_Visitors,Actuals,1.25591
2022,2,Clients,Ujjain,Lv2_Visitors,Actuals,0.93094
2022,2,Clients,Ujjain,Lv3_Visitors,Actuals,0.79617
2022,2,Clients,Indore,Lv2_Visitors,Actuals,0.73121
2022,2,Clients,Uddepy,Lv5_Visitors,Actuals,0.67688
2022,2,Clients,Indore,Lv3_Visitors,Actuals,0.62801
2022,2,Clients,Dehradun,Lv4_Visitors,Actuals,0.60637
2022,2,Clients,Ujjain,Lv4_Visitors,Actuals,0.40071
2022,2,Clients,Indore,Lv4_Visitors,Actuals,0.33654
2022,2,Clients,Dehradun,Lv5_Visitors,Actuals,0.29474
2022,2,Clients,Ujjain,Lv5_Visitors,Actuals,0.17844
2022,2,Clients,Indore,Lv5_Visitors,Actuals,0.16621
2020,1,Clients,India,Lv1_Visitors,Actuals,33.22789
2020,1,Clients,India,Lv2_Visitors,Actuals,23.04318
2020,1,Clients,India,Lv3_Visitors,Actuals,13.95439
2020,1,Clients,India,Lv3_Visitors,Actuals,10.15194
2020,1,Clients,India,Lv4_Visitors,Actuals,9.01662
2020,1,Clients,India,Lv5_Visitors,Actuals,2.7801
2020,1,Clients,India,Lv4_Visitors,Actuals,2.55524
2020,1,Clients,India,Lv5_Visitors,Actuals,0.85929
2021,1,Clients,India,Lv1_Visitors,Actuals,37.09579
2021,1,Clients,India,Lv2_Visitors,Actuals,27.37312
2021,1,Clients,India,Lv3_Visitors,Actuals,13.71534
2021,1,Clients,India,Lv4_Visitors,Actuals,7.45776
2021,1,Clients,India,Lv3_Visitors,Actuals,6.97639
2021,1,Clients,India,Lv5_Visitors,Actuals,2.58403
2021,1,Clients,India,Lv4_Visitors,Actuals,1.84129
2021,1,Clients,India,Lv5_Visitors,Actuals,0.76529
2022,1,Clients,India,Lv1_Visitors,Actuals,37.56097
2022,1,Clients,India,Lv2_Visitors,Actuals,23.83839
2022,1,Clients,India,Lv3_Visitors,Actuals,19.55083
2022,1,Clients,India,Lv4_Visitors,Actuals,9.19763
2022,1,Clients,Uddepy,Lv1_Visitors,Actuals,7.81331
2022,1,Clients,Uddepy,Lv2_Visitors,Actuals,4.64743
2022,1,Clients,Uddepy,Lv3_Visitors,Actuals,3.78306
2022,1,Clients,India,Lv5_Visitors,Actuals,3.14879
2022,1,Clients,Dehradun,Lv1_Visitors,Actuals,2.9471
2022,1,Clients,Ujjain,Lv1_Visitors,Actuals,1.6983
2022,1,Clients,Dehradun,Lv2_Visitors,Actuals,1.6882
2022,1,Clients,Uddepy,Lv4_Visitors,Actuals,1.60993
2022,1,Clients,Indore,Lv1_Visitors,Actuals,1.47244
2022,1,Clients,Dehradun,Lv3_Visitors,Actuals,1.41763
2022,1,Clients,Ujjain,Lv2_Visitors,Actuals,0.98197
2022,1,Clients,Indore,Lv2_Visitors,Actuals,0.85963
2022,1,Clients,Ujjain,Lv3_Visitors,Actuals,0.83314
2022,1,Clients,Indore,Lv3_Visitors,Actuals,0.74326
2022,1,Clients,Uddepy,Lv5_Visitors,Actuals,0.7176
2022,1,Clients,Dehradun,Lv4_Visitors,Actuals,0.68934
2022,1,Clients,Indore,Lv4_Visitors,Actuals,0.40124
2022,1,Clients,Ujjain,Lv4_Visitors,Actuals,0.40019
2022,1,Clients,Dehradun,Lv5_Visitors,Actuals,0.34695
2022,1,Clients,Indore,Lv5_Visitors,Actuals,0.19556
2022,1,Clients,Ujjain,Lv5_Visitors,Actuals,0.18368
2020,12,Customers,India,Lv1_Visitors,Actuals,5.84005
2020,12,Customers,India,Lv3_Visitors,Actuals,5.12155
2020,12,Customers,India,Lv2_Visitors,Actuals,4.66208
2020,12,Customers,India,Lv4_Visitors,Actuals,2.22199
2020,12,Customers,Uddepy,Lv1_Visitors,Actuals,0.95001
2020,12,Customers,Uddepy,Lv3_Visitors,Actuals,0.81416
2020,12,Customers,Uddepy,Lv2_Visitors,Actuals,0.70151
2020,12,Customers,India,Lv5_Visitors,Actuals,0.56614
2020,12,Customers,Uddepy,Lv4_Visitors,Actuals,0.38057
2020,12,Customers,Faridabad,Lv1_Visitors,Actuals,0.34477
2020,12,Customers,Dehradun,Lv1_Visitors,Actuals,0.32823
2020,12,Customers,Faridabad,Lv3_Visitors,Actuals,0.32552
2020,12,Customers,Faridabad,Lv2_Visitors,Actuals,0.29359
2020,12,Customers,Ujjain,Lv1_Visitors,Actuals,0.28265
2020,12,Customers,Dehradun,Lv2_Visitors,Actuals,0.2373
2020,12,Customers,Dehradun,Lv3_Visitors,Actuals,0.22713
2020,12,Customers,Ujjain,Lv2_Visitors,Actuals,0.21519
2020,12,Customers,Ujjain,Lv3_Visitors,Actuals,0.20744
2020,12,Customers,Faridabad,Lv4_Visitors,Actuals,0.1526
2020,12,Customers,Uddepy,Lv5_Visitors,Actuals,0.12201
2020,12,Customers,Ujjain,Lv4_Visitors,Actuals,0.09334
2020,12,Customers,Dehradun,Lv4_Visitors,Actuals,0.08489
2020,12,Customers,Aurangabad,Lv3_Visitors,Actuals,0.06178
2020,12,Customers,Aurangabad,Lv1_Visitors,Actuals,0.06103
2020,12,Customers,Faridabad,Lv5_Visitors,Actuals,0.06062
2020,12,Customers,Aurangabad,Lv2_Visitors,Actuals,0.04399
2020,12,Customers,Dehradun,Lv5_Visitors,Actuals,0.03616
2020,12,Customers,Ujjain,Lv5_Visitors,Actuals,0.03201
2020,12,Customers,Aurangabad,Lv4_Visitors,Actuals,0.0225
2020,12,Customers,Aurangabad,Lv5_Visitors,Actuals,0.00897
2021,12,Customers,India,Lv1_Visitors,Actuals,4.69431
2021,12,Customers,India,Lv2_Visitors,Actuals,3.30165
2021,12,Customers,India,Lv3_Visitors,Actuals,2.32479
2021,12,Customers,India,Lv4_Visitors,Actuals,0.88949
2021,12,Customers,Uddepy,Lv1_Visitors,Actuals,0.71616
2021,12,Customers,Uddepy,Lv2_Visitors,Actuals,0.47155
2021,12,Customers,Uddepy,Lv3_Visitors,Actuals,0.40317
2021,12,Customers,Faridabad,Lv1_Visitors,Actuals,0.34848
2021,12,Customers,Ujjain,Lv1_Visitors,Actuals,0.24376
2021,12,Customers,Faridabad,Lv2_Visitors,Actuals,0.24103
2021,12,Customers,Dehradun,Lv1_Visitors,Actuals,0.22751
2021,12,Customers,Uddepy,Lv4_Visitors,Actuals,0.20867
2021,12,Customers,Faridabad,Lv3_Visitors,Actuals,0.19538
2021,12,Customers,India,Lv5_Visitors,Actuals,0.18591
2021,12,Customers,Dehradun,Lv2_Visitors,Actuals,0.1505
2021,12,Customers,Ujjain,Lv2_Visitors,Actuals,0.14781
2021,12,Customers,Dehradun,Lv3_Visitors,Actuals,0.09261
2021,12,Customers,Ujjain,Lv3_Visitors,Actuals,0.07559
2021,12,Customers,Uddepy,Lv5_Visitors,Actuals,0.06435
2021,12,Customers,Faridabad,Lv4_Visitors,Actuals,0.06342
2021,12,Customers,Aurangabad,Lv1_Visitors,Actuals,0.06026
2021,12,Customers,Aurangabad,Lv2_Visitors,Actuals,0.03699
2021,12,Customers,Ujjain,Lv4_Visitors,Actuals,0.031
2021,12,Customers,Dehradun,Lv4_Visitors,Actuals,0.02915
2021,12,Customers,Aurangabad,Lv3_Visitors,Actuals,0.02789
2021,12,Customers,Faridabad,Lv5_Visitors,Actuals,0.01499
2021,12,Customers,Dehradun,Lv5_Visitors,Actuals,0.01174
2021,12,Customers,Aurangabad,Lv4_Visitors,Actuals,0.01055
2021,12,Customers,Ujjain,Lv5_Visitors,Actuals,0.00996
2021,12,Customers,Aurangabad,Lv5_Visitors,Actuals,0.00385
2022,12,Customers,India,Lv1_Visitors,Actuals,4.09152
2022,12,Customers,India,Lv2_Visitors,Actuals,2.8722
2022,12,Customers,India,Lv3_Visitors,Actuals,2.05978
2022,12,Customers,Uddepy,Lv1_Visitors,Actuals,0.81802
2022,12,Customers,India,Lv4_Visitors,Actuals,0.64707
2022,12,Customers,Uddepy,Lv2_Visitors,Actuals,0.49203
2022,12,Customers,Faridabad,Lv1_Visitors,Actuals,0.43786
2022,12,Customers,Uddepy,Lv3_Visitors,Actuals,0.41606
2022,12,Customers,Faridabad,Lv2_Visitors,Actuals,0.3113
2022,12,Customers,Dehradun,Lv1_Visitors,Actuals,0.28445
2022,12,Customers,Faridabad,Lv3_Visitors,Actuals,0.21086
2022,12,Customers,Ujjain,Lv1_Visitors,Actuals,0.18327
2022,12,Customers,Dehradun,Lv2_Visitors,Actuals,0.16806
2022,12,Customers,Uddepy,Lv4_Visitors,Actuals,0.16241
2022,12,Customers,Ujjain,Lv2_Visitors,Actuals,0.116
2022,12,Customers,Dehradun,Lv3_Visitors,Actuals,0.08196
2022,12,Customers,Ujjain,Lv3_Visitors,Actuals,0.06821
2022,12,Customers,Aurangabad,Lv1_Visitors,Actuals,0.06207
2022,12,Customers,Faridabad,Lv4_Visitors,Actuals,0.04815
2022,12,Customers,India,Lv5_Visitors,Actuals,0.04625
2022,12,Customers,Aurangabad,Lv2_Visitors,Actuals,0.04085
2022,12,Customers,Aurangabad,Lv3_Visitors,Actuals,0.03261
2022,12,Customers,Dehradun,Lv4_Visitors,Actuals,0.02561
2022,12,Customers,Ujjain,Lv4_Visitors,Actuals,0.02556
2022,12,Customers,Uddepy,Lv5_Visitors,Actuals,0.01492
2022,12,Customers,Aurangabad,Lv4_Visitors,Actuals,0.01226
2022,12,Customers,Faridabad,Lv5_Visitors,Actuals,0.00399
2022,12,Customers,Dehradun,Lv5_Visitors,Actuals,0.00357
2022,12,Customers,Ujjain,Lv5_Visitors,Actuals,0.00293
2022,12,Customers,Aurangabad,Lv5_Visitors,Actuals,0.00137
2020,11,Customers,India,Lv1_Visitors,Actuals,6.64787
2020,11,Customers,India,Lv3_Visitors,Actuals,5.91953
2020,11,Customers,India,Lv2_Visitors,Actuals,5.43134
2020,11,Customers,India,Lv4_Visitors,Actuals,2.57252
2020,11,Customers,Uddepy,Lv1_Visitors,Actuals,0.91759
2020,11,Customers,Uddepy,Lv3_Visitors,Actuals,0.84918
2020,11,Customers,Uddepy,Lv2_Visitors,Actuals,0.70273
2020,11,Customers,India,Lv5_Visitors,Actuals,0.67306
2020,11,Customers,Faridabad,Lv3_Visitors,Actuals,0.44017
2020,11,Customers,Faridabad,Lv1_Visitors,Actuals,0.4152
2020,11,Customers,Uddepy,Lv4_Visitors,Actuals,0.38606
2020,11,Customers,Dehradun,Lv1_Visitors,Actuals,0.3762
2020,11,Customers,Faridabad,Lv2_Visitors,Actuals,0.36685
2020,11,Customers,Ujjain,Lv1_Visitors,Actuals,0.36029
2020,11,Customers,Ujjain,Lv3_Visitors,Actuals,0.28546
2020,11,Customers,Ujjain,Lv2_Visitors,Actuals,0.28542
2020,11,Customers,Dehradun,Lv2_Visitors,Actuals,0.28361
2020,11,Customers,Dehradun,Lv3_Visitors,Actuals,0.26773
2020,11,Customers,Faridabad,Lv4_Visitors,Actuals,0.20935
2020,11,Customers,Ujjain,Lv4_Visitors,Actuals,0.13349
2020,11,Customers,Uddepy,Lv5_Visitors,Actuals,0.12712
2020,11,Customers,Dehradun,Lv4_Visitors,Actuals,0.09783
2020,11,Customers,Faridabad,Lv5_Visitors,Actuals,0.08263
2020,11,Customers,Aurangabad,Lv1_Visitors,Actuals,0.07792
2020,11,Customers,Aurangabad,Lv3_Visitors,Actuals,0.0759
2020,11,Customers,Aurangabad,Lv2_Visitors,Actuals,0.05549
2020,11,Customers,Ujjain,Lv5_Visitors,Actuals,0.05048
2020,11,Customers,Dehradun,Lv5_Visitors,Actuals,0.04408
2020,11,Customers,Aurangabad,Lv4_Visitors,Actuals,0.02672
2020,11,Customers,Aurangabad,Lv5_Visitors,Actuals,0.01118
2021,11,Customers,India,Lv1_Visitors,Actuals,4.2094
2021,11,Customers,India,Lv2_Visitors,Actuals,2.92771
2021,11,Customers,India,Lv3_Visitors,Actuals,2.33125
2021,11,Customers,India,Lv4_Visitors,Actuals,0.79269
2021,11,Customers,Uddepy,Lv1_Visitors,Actuals,0.78919
2021,11,Customers,Uddepy,Lv2_Visitors,Actuals,0.52088
2021,11,Customers,Uddepy,Lv3_Visitors,Actuals,0.46669
2021,11,Customers,Ujjain,Lv1_Visitors,Actuals,0.30577
2021,11,Customers,Dehradun,Lv1_Visitors,Actuals,0.23653
2021,11,Customers,Uddepy,Lv4_Visitors,Actuals,0.22172
2021,11,Customers,India,Lv5_Visitors,Actuals,0.19882
2021,11,Customers,Ujjain,Lv2_Visitors,Actuals,0.18381
2021,11,Customers,Faridabad,Lv1_Visitors,Actuals,0.17004
2021,11,Customers,Dehradun,Lv2_Visitors,Actuals,0.15901
2021,11,Customers,Faridabad,Lv2_Visitors,Actuals,0.12422
2021,11,Customers,Dehradun,Lv3_Visitors,Actuals,0.11145
2021,11,Customers,Faridabad,Lv3_Visitors,Actuals,0.1107
2021,11,Customers,Ujjain,Lv3_Visitors,Actuals,0.10372
2021,11,Customers,Aurangabad,Lv1_Visitors,Actuals,0.0733
2021,11,Customers,Uddepy,Lv5_Visitors,Actuals,0.07206
2021,11,Customers,Faridabad,Lv4_Visitors,Actuals,0.04887
2021,11,Customers,Aurangabad,Lv2_Visitors,Actuals,0.04848
2021,11,Customers,Aurangabad,Lv3_Visitors,Actuals,0.04062
2021,11,Customers,Ujjain,Lv4_Visitors,Actuals,0.04006
2021,11,Customers,Dehradun,Lv4_Visitors,Actuals,0.03419
2021,11,Customers,Aurangabad,Lv4_Visitors,Actuals,0.016
2021,11,Customers,Ujjain,Lv5_Visitors,Actuals,0.01473
2021,11,Customers,Dehradun,Lv5_Visitors,Actuals,0.01384
2021,11,Customers,Faridabad,Lv5_Visitors,Actuals,0.01208
2021,11,Customers,Aurangabad,Lv5_Visitors,Actuals,0.00626
2022,11,Customers,India,Lv1_Visitors,Actuals,4.41798
2022,11,Customers,India,Lv2_Visitors,Actuals,3.24725
2022,11,Customers,India,Lv3_Visitors,Actuals,2.42252
2022,11,Customers,India,Lv4_Visitors,Actuals,0.76249
2022,11,Customers,Uddepy,Lv1_Visitors,Actuals,0.74825
2022,11,Customers,Faridabad,Lv1_Visitors,Actuals,0.5031
2022,11,Customers,Uddepy,Lv2_Visitors,Actuals,0.49526
2022,11,Customers,Uddepy,Lv3_Visitors,Actuals,0.43051
2022,11,Customers,Faridabad,Lv2_Visitors,Actuals,0.36029
2022,11,Customers,Faridabad,Lv3_Visitors,Actuals,0.23887
2022,11,Customers,Ujjain,Lv1_Visitors,Actuals,0.23174
2022,11,Customers,Dehradun,Lv1_Visitors,Actuals,0.21635
2022,11,Customers,India,Lv5_Visitors,Actuals,0.19419
2022,11,Customers,Uddepy,Lv4_Visitors,Actuals,0.18765
2022,11,Customers,Ujjain,Lv2_Visitors,Actuals,0.14742
2022,11,Customers,Dehradun,Lv2_Visitors,Actuals,0.14221
2022,11,Customers,Dehradun,Lv3_Visitors,Actuals,0.0909
2022,11,Customers,Ujjain,Lv3_Visitors,Actuals,0.09026
2022,11,Customers,Aurangabad,Lv1_Visitors,Actuals,0.07393
2022,11,Customers,Uddepy,Lv5_Visitors,Actuals,0.06105
2022,11,Customers,Faridabad,Lv4_Visitors,Actuals,0.058
2022,11,Customers,Aurangabad,Lv2_Visitors,Actuals,0.04914
2022,11,Customers,Aurangabad,Lv3_Visitors,Actuals,0.03883
2022,11,Customers,Ujjain,Lv4_Visitors,Actuals,0.03661
2022,11,Customers,Dehradun,Lv4_Visitors,Actuals,0.03159
2022,11,Customers,Faridabad,Lv5_Visitors,Actuals,0.01604
2022,11,Customers,Aurangabad,Lv4_Visitors,Actuals,0.01507
2022,11,Customers,Dehradun,Lv5_Visitors,Actuals,0.01339
2022,11,Customers,Ujjain,Lv5_Visitors,Actuals,0.01272
2022,11,Customers,Aurangabad,Lv5_Visitors,Actuals,0.0055
2020,10,Customers,India,Lv1_Visitors,Actuals,7.7249
2020,10,Customers,India,Lv3_Visitors,Actuals,7.27451
2020,10,Customers,India,Lv2_Visitors,Actuals,6.37049
2020,10,Customers,India,Lv4_Visitors,Actuals,3.14975
2020,10,Customers,Uddepy,Lv3_Visitors,Actuals,1.25358
2020,10,Customers,Uddepy,Lv1_Visitors,Actuals,1.19732
2020,10,Customers,Uddepy,Lv2_Visitors,Actuals,0.92728
2020,10,Customers,India,Lv5_Visitors,Actuals,0.79575
2020,10,Customers,Uddepy,Lv4_Visitors,Actuals,0.55852
2020,10,Customers,Dehradun,Lv1_Visitors,Actuals,0.4782
2020,10,Customers,Dehradun,Lv2_Visitors,Actuals,0.36835
2020,10,Customers,Dehradun,Lv3_Visitors,Actuals,0.36399
2020,10,Customers,Ujjain,Lv1_Visitors,Actuals,0.35086
2020,10,Customers,Faridabad,Lv3_Visitors,Actuals,0.35044
2020,10,Customers,Ujjain,Lv3_Visitors,Actuals,0.32147
2020,10,Customers,Faridabad,Lv1_Visitors,Actuals,0.31188
2020,10,Customers,Ujjain,Lv2_Visitors,Actuals,0.27888
2020,10,Customers,Faridabad,Lv2_Visitors,Actuals,0.27758
2020,10,Customers,Uddepy,Lv5_Visitors,Actuals,0.18062
2020,10,Customers,Faridabad,Lv4_Visitors,Actuals,0.15469
2020,10,Customers,Dehradun,Lv4_Visitors,Actuals,0.14126
2020,10,Customers,Ujjain,Lv4_Visitors,Actuals,0.13487
2020,10,Customers,Aurangabad,Lv3_Visitors,Actuals,0.09067
2020,10,Customers,Aurangabad,Lv1_Visitors,Actuals,0.08646
2020,10,Customers,Dehradun,Lv5_Visitors,Actuals,0.06599
2020,10,Customers,Aurangabad,Lv2_Visitors,Actuals,0.06007
2020,10,Customers,Faridabad,Lv5_Visitors,Actuals,0.05631
2020,10,Customers,Ujjain,Lv5_Visitors,Actuals,0.05277
2020,10,Customers,Aurangabad,Lv4_Visitors,Actuals,0.03246
2020,10,Customers,Aurangabad,Lv5_Visitors,Actuals,0.01363
2021,10,Customers,India,Lv1_Visitors,Actuals,4.42574
2021,10,Customers,India,Lv2_Visitors,Actuals,3.03181
2021,10,Customers,India,Lv3_Visitors,Actuals,2.64643
2021,10,Customers,Uddepy,Lv1_Visitors,Actuals,0.83485
2021,10,Customers,India,Lv4_Visitors,Actuals,0.71396
2021,10,Customers,Uddepy,Lv2_Visitors,Actuals,0.52132
2021,10,Customers,Uddepy,Lv3_Visitors,Actuals,0.51465
2021,10,Customers,Ujjain,Lv1_Visitors,Actuals,0.29901
2021,10,Customers,Dehradun,Lv1_Visitors,Actuals,0.27158
2021,10,Customers,Faridabad,Lv1_Visitors,Actuals,0.25507
2021,10,Customers,Uddepy,Lv4_Visitors,Actuals,0.19779
2021,10,Customers,Faridabad,Lv2_Visitors,Actuals,0.18677
2021,10,Customers,Faridabad,Lv3_Visitors,Actuals,0.1823
2021,10,Customers,Dehradun,Lv2_Visitors,Actuals,0.17948
2021,10,Customers,Ujjain,Lv2_Visitors,Actuals,0.17887
2021,10,Customers,India,Lv5_Visitors,Actuals,0.17315
2021,10,Customers,Ujjain,Lv3_Visitors,Actuals,0.12636
2021,10,Customers,Dehradun,Lv3_Visitors,Actuals,0.11564
2021,10,Customers,Aurangabad,Lv1_Visitors,Actuals,0.07952
2021,10,Customers,Uddepy,Lv5_Visitors,Actuals,0.06097
2021,10,Customers,Faridabad,Lv4_Visitors,Actuals,0.0564
2021,10,Customers,Aurangabad,Lv3_Visitors,Actuals,0.05422
2021,10,Customers,Aurangabad,Lv2_Visitors,Actuals,0.05194
2021,10,Customers,Ujjain,Lv4_Visitors,Actuals,0.03729
2021,10,Customers,Dehradun,Lv4_Visitors,Actuals,0.02838
2021,10,Customers,Aurangabad,Lv4_Visitors,Actuals,0.01858
2021,10,Customers,Ujjain,Lv5_Visitors,Actuals,0.01299
2021,10,Customers,Faridabad,Lv5_Visitors,Actuals,0.01241
2021,10,Customers,Dehradun,Lv5_Visitors,Actuals,0.01062
2021,10,Customers,Aurangabad,Lv5_Visitors,Actuals,0.00713
2022,10,Customers,India,Lv1_Visitors,Actuals,4.25078
2022,10,Customers,India,Lv2_Visitors,Actuals,3.03631
2022,10,Customers,India,Lv3_Visitors,Actuals,2.12121
2022,10,Customers,Uddepy,Lv1_Visitors,Actuals,0.86584
2022,10,Customers,India,Lv4_Visitors,Actuals,0.62861
2022,10,Customers,Uddepy,Lv2_Visitors,Actuals,0.58098
2022,10,Customers,Uddepy,Lv3_Visitors,Actuals,0.48184
2022,10,Customers,Faridabad,Lv1_Visitors,Actuals,0.35913
2022,10,Customers,Faridabad,Lv2_Visitors,Actuals,0.25228
2022,10,Customers,Ujjain,Lv1_Visitors,Actuals,0.20806
2022,10,Customers,Uddepy,Lv4_Visitors,Actuals,0.20756
2022,10,Customers,Dehradun,Lv1_Visitors,Actuals,0.20327
2022,10,Customers,Faridabad,Lv3_Visitors,Actuals,0.16622
2022,10,Customers,India,Lv5_Visitors,Actuals,0.15091
2022,10,Customers,Ujjain,Lv2_Visitors,Actuals,0.13461
2022,10,Customers,Dehradun,Lv2_Visitors,Actuals,0.13201
2022,10,Customers,Dehradun,Lv3_Visitors,Actuals,0.08369
2022,10,Customers,Ujjain,Lv3_Visitors,Actuals,0.07996
2022,10,Customers,Aurangabad,Lv1_Visitors,Actuals,0.06955
2022,10,Customers,Uddepy,Lv5_Visitors,Actuals,0.05698
2022,10,Customers,Aurangabad,Lv2_Visitors,Actuals,0.04774
2022,10,Customers,Faridabad,Lv4_Visitors,Actuals,0.03951
2022,10,Customers,Aurangabad,Lv3_Visitors,Actuals,0.03523
2022,10,Customers,Ujjain,Lv4_Visitors,Actuals,0.03071
2022,10,Customers,Dehradun,Lv4_Visitors,Actuals,0.02915
2022,10,Customers,Aurangabad,Lv4_Visitors,Actuals,0.0127
2022,10,Customers,Faridabad,Lv5_Visitors,Actuals,0.01133
2022,10,Customers,Dehradun,Lv5_Visitors,Actuals,0.01092
2022,10,Customers,Ujjain,Lv5_Visitors,Actuals,0.01015
2022,10,Customers,Aurangabad,Lv5_Visitors,Actuals,0.00396
2020,9,Customers,India,Lv1_Visitors,Actuals,5.93002
2020,9,Customers,India,Lv3_Visitors,Actuals,5.48775
2020,9,Customers,India,Lv2_Visitors,Actuals,4.84447
2020,9,Customers,India,Lv4_Visitors,Actuals,2.3243
2020,9,Customers,Uddepy,Lv3_Visitors,Actuals,0.95915
2020,9,Customers,Uddepy,Lv1_Visitors,Actuals,0.92802
2020,9,Customers,Uddepy,Lv2_Visitors,Actuals,0.71001
2020,9,Customers,India,Lv5_Visitors,Actuals,0.57406
2020,9,Customers,Uddepy,Lv4_Visitors,Actuals,0.42764
2020,9,Customers,Dehradun,Lv1_Visitors,Actuals,0.32564
2020,9,Customers,Faridabad,Lv3_Visitors,Actuals,0.30043
2020,9,Customers,Ujjain,Lv1_Visitors,Actuals,0.2863
2020,9,Customers,Faridabad,Lv1_Visitors,Actuals,0.26433
2020,9,Customers,Ujjain,Lv3_Visitors,Actuals,0.24262
2020,9,Customers,Dehradun,Lv2_Visitors,Actuals,0.23693
2020,9,Customers,Faridabad,Lv2_Visitors,Actuals,0.23132
2020,9,Customers,Dehradun,Lv3_Visitors,Actuals,0.22715
2020,9,Customers,Ujjain,Lv2_Visitors,Actuals,0.22036
2020,9,Customers,Uddepy,Lv5_Visitors,Actuals,0.13914
2020,9,Customers,Faridabad,Lv4_Visitors,Actuals,0.13455
2020,9,Customers,Ujjain,Lv4_Visitors,Actuals,0.10261
2020,9,Customers,Aurangabad,Lv1_Visitors,Actuals,0.08351
2020,9,Customers,Dehradun,Lv4_Visitors,Actuals,0.08174
2020,9,Customers,Aurangabad,Lv3_Visitors,Actuals,0.07794
2020,9,Customers,Aurangabad,Lv2_Visitors,Actuals,0.05766
2020,9,Customers,Faridabad,Lv5_Visitors,Actuals,0.05072
2020,9,Customers,Ujjain,Lv5_Visitors,Actuals,0.04096
2020,9,Customers,Dehradun,Lv5_Visitors,Actuals,0.03772
2020,9,Customers,Aurangabad,Lv4_Visitors,Actuals,0.02737
2020,9,Customers,Aurangabad,Lv5_Visitors,Actuals,0.01254
2021,9,Customers,India,Lv1_Visitors,Actuals,4.65658
2021,9,Customers,India,Lv2_Visitors,Actuals,3.39528
2021,9,Customers,India,Lv3_Visitors,Actuals,3.22087
2021,9,Customers,India,Lv4_Visitors,Actuals,1.06385
2021,9,Customers,Uddepy,Lv1_Visitors,Actuals,0.77209
2021,9,Customers,Uddepy,Lv2_Visitors,Actuals,0.51664
2021,9,Customers,Uddepy,Lv3_Visitors,Actuals,0.50636
2021,9,Customers,Faridabad,Lv1_Visitors,Actuals,0.37046
2021,9,Customers,Faridabad,Lv2_Visitors,Actuals,0.27023
2021,9,Customers,Faridabad,Lv3_Visitors,Actuals,0.26542
2021,9,Customers,Ujjain,Lv1_Visitors,Actuals,0.2589
2021,9,Customers,Dehradun,Lv1_Visitors,Actuals,0.21331
2021,9,Customers,Uddepy,Lv4_Visitors,Actuals,0.21041
2021,9,Customers,India,Lv5_Visitors,Actuals,0.20305
2021,9,Customers,Ujjain,Lv2_Visitors,Actuals,0.14772
2021,9,Customers,Dehradun,Lv2_Visitors,Actuals,0.13839
2021,9,Customers,Ujjain,Lv3_Visitors,Actuals,0.11513
2021,9,Customers,Dehradun,Lv3_Visitors,Actuals,0.09338
2021,9,Customers,Aurangabad,Lv1_Visitors,Actuals,0.08512
2021,9,Customers,Faridabad,Lv4_Visitors,Actuals,0.07702
2021,9,Customers,Aurangabad,Lv3_Visitors,Actuals,0.07359
2021,9,Customers,Aurangabad,Lv2_Visitors,Actuals,0.06089
2021,9,Customers,Uddepy,Lv5_Visitors,Actuals,0.05876
2021,9,Customers,Ujjain,Lv4_Visitors,Actuals,0.03344
2021,9,Customers,Aurangabad,Lv4_Visitors,Actuals,0.02935
2021,9,Customers,Dehradun,Lv4_Visitors,Actuals,0.02327
2021,9,Customers,Faridabad,Lv5_Visitors,Actuals,0.01661
2021,9,Customers,Aurangabad,Lv5_Visitors,Actuals,0.01195
2021,9,Customers,Ujjain,Lv5_Visitors,Actuals,0.01123
2021,9,Customers,Dehradun,Lv5_Visitors,Actuals,0.00867
2022,9,Customers,India,Lv1_Visitors,Actuals,4.29564
2022,9,Customers,India,Lv2_Visitors,Actuals,3.04655
2022,9,Customers,India,Lv3_Visitors,Actuals,2.04787
2022,9,Customers,Uddepy,Lv1_Visitors,Actuals,0.70026
2022,9,Customers,India,Lv4_Visitors,Actuals,0.55889
2022,9,Customers,Uddepy,Lv2_Visitors,Actuals,0.46402
2022,9,Customers,Faridabad,Lv1_Visitors,Actuals,0.41509
2022,9,Customers,Uddepy,Lv3_Visitors,Actuals,0.35871
2022,9,Customers,Faridabad,Lv2_Visitors,Actuals,0.29292
2022,9,Customers,Dehradun,Lv1_Visitors,Actuals,0.2161
2022,9,Customers,Ujjain,Lv1_Visitors,Actuals,0.20001
2022,9,Customers,Faridabad,Lv3_Visitors,Actuals,0.18437
2022,9,Customers,Uddepy,Lv4_Visitors,Actuals,0.15342
2022,9,Customers,India,Lv5_Visitors,Actuals,0.14482
2022,9,Customers,Dehradun,Lv2_Visitors,Actuals,0.14044
2022,9,Customers,Ujjain,Lv2_Visitors,Actuals,0.12821
2022,9,Customers,Ujjain,Lv3_Visitors,Actuals,0.07224
2022,9,Customers,Dehradun,Lv3_Visitors,Actuals,0.07208
2022,9,Customers,Aurangabad,Lv1_Visitors,Actuals,0.06154
2022,9,Customers,Uddepy,Lv5_Visitors,Actuals,0.05069
2022,9,Customers,Aurangabad,Lv2_Visitors,Actuals,0.04186
2022,9,Customers,Faridabad,Lv4_Visitors,Actuals,0.03989
2022,9,Customers,Aurangabad,Lv3_Visitors,Actuals,0.02861
2022,9,Customers,Ujjain,Lv4_Visitors,Actuals,0.02586
2022,9,Customers,Dehradun,Lv4_Visitors,Actuals,0.02187
2022,9,Customers,Faridabad,Lv5_Visitors,Actuals,0.01216
2022,9,Customers,Aurangabad,Lv4_Visitors,Actuals,0.00996
2022,9,Customers,Ujjain,Lv5_Visitors,Actuals,0.00956
2022,9,Customers,Dehradun,Lv5_Visitors,Actuals,0.00873
2022,9,Customers,Aurangabad,Lv5_Visitors,Actuals,0.00369
2020,8,Customers,India,Lv1_Visitors,Actuals,5.42591
2020,8,Customers,India,Lv3_Visitors,Actuals,4.96709
2020,8,Customers,India,Lv2_Visitors,Actuals,4.4281
2020,8,Customers,India,Lv4_Visitors,Actuals,2.02669
2020,8,Customers,Uddepy,Lv1_Visitors,Actuals,0.86645
2020,8,Customers,Uddepy,Lv3_Visitors,Actuals,0.85549
2020,8,Customers,Uddepy,Lv2_Visitors,Actuals,0.65749
2020,8,Customers,India,Lv5_Visitors,Actuals,0.46789
2020,8,Customers,Uddepy,Lv4_Visitors,Actuals,0.37856
2020,8,Customers,Dehradun,Lv1_Visitors,Actuals,0.28161
2020,8,Customers,Ujjain,Lv1_Visitors,Actuals,0.28087
2020,8,Customers,Faridabad,Lv3_Visitors,Actuals,0.27247
2020,8,Customers,Faridabad,Lv1_Visitors,Actuals,0.24229
2020,8,Customers,Ujjain,Lv3_Visitors,Actuals,0.23095
2020,8,Customers,Ujjain,Lv2_Visitors,Actuals,0.21151
2020,8,Customers,Faridabad,Lv2_Visitors,Actuals,0.21114
2020,8,Customers,Dehradun,Lv2_Visitors,Actuals,0.2003
2020,8,Customers,Dehradun,Lv3_Visitors,Actuals,0.1889
2020,8,Customers,Faridabad,Lv4_Visitors,Actuals,0.12035
2020,8,Customers,Uddepy,Lv5_Visitors,Actuals,0.11997
2020,8,Customers,Ujjain,Lv4_Visitors,Actuals,0.09323
2020,8,Customers,Aurangabad,Lv1_Visitors,Actuals,0.08014
2020,8,Customers,Aurangabad,Lv3_Visitors,Actuals,0.07547
2020,8,Customers,Dehradun,Lv4_Visitors,Actuals,0.06283
2020,8,Customers,Aurangabad,Lv2_Visitors,Actuals,0.05486
2020,8,Customers,Faridabad,Lv5_Visitors,Actuals,0.04118
2020,8,Customers,Ujjain,Lv5_Visitors,Actuals,0.03662
2020,8,Customers,Dehradun,Lv5_Visitors,Actuals,0.02828
2020,8,Customers,Aurangabad,Lv4_Visitors,Actuals,0.02619
2020,8,Customers,Aurangabad,Lv5_Visitors,Actuals,0.01158
2021,8,Customers,India,Lv1_Visitors,Actuals,5.02679
2021,8,Customers,India,Lv2_Visitors,Actuals,3.81466
2021,8,Customers,India,Lv3_Visitors,Actuals,3.5466
2021,8,Customers,India,Lv4_Visitors,Actuals,1.32905
2021,8,Customers,Uddepy,Lv1_Visitors,Actuals,0.7847
2021,8,Customers,Uddepy,Lv2_Visitors,Actuals,0.57097
2021,8,Customers,Uddepy,Lv3_Visitors,Actuals,0.55958
2021,8,Customers,India,Lv5_Visitors,Actuals,0.2411
2021,8,Customers,Ujjain,Lv1_Visitors,Actuals,0.23539
2021,8,Customers,Faridabad,Lv1_Visitors,Actuals,0.23438
2021,8,Customers,Uddepy,Lv4_Visitors,Actuals,0.21924
2021,8,Customers,Dehradun,Lv1_Visitors,Actuals,0.21683
2021,8,Customers,Faridabad,Lv3_Visitors,Actuals,0.18062
2021,8,Customers,Faridabad,Lv2_Visitors,Actuals,0.17532
2021,8,Customers,Ujjain,Lv2_Visitors,Actuals,0.15037
2021,8,Customers,Dehradun,Lv2_Visitors,Actuals,0.14237
2021,8,Customers,Ujjain,Lv3_Visitors,Actuals,0.13425
2021,8,Customers,Dehradun,Lv3_Visitors,Actuals,0.1145
2021,8,Customers,Aurangabad,Lv1_Visitors,Actuals,0.09717
2021,8,Customers,Aurangabad,Lv3_Visitors,Actuals,0.08193
2021,8,Customers,Aurangabad,Lv2_Visitors,Actuals,0.0681
2021,8,Customers,Faridabad,Lv4_Visitors,Actuals,0.06518
2021,8,Customers,Uddepy,Lv5_Visitors,Actuals,0.05805
2021,8,Customers,Ujjain,Lv4_Visitors,Actuals,0.03988
2021,8,Customers,Dehradun,Lv4_Visitors,Actuals,0.03128
2021,8,Customers,Aurangabad,Lv4_Visitors,Actuals,0.02982
2021,8,Customers,Faridabad,Lv5_Visitors,Actuals,0.01494
2021,8,Customers,Ujjain,Lv5_Visitors,Actuals,0.01403
2021,8,Customers,Dehradun,Lv5_Visitors,Actuals,0.01243
2021,8,Customers,Aurangabad,Lv5_Visitors,Actuals,0.01195
2022,8,Customers,India,Lv1_Visitors,Actuals,4.58102
2022,8,Customers,India,Lv2_Visitors,Actuals,3.21412
2022,8,Customers,India,Lv3_Visitors,Actuals,2.08068
2022,8,Customers,Uddepy,Lv1_Visitors,Actuals,0.82943
2022,8,Customers,India,Lv4_Visitors,Actuals,0.56877
2022,8,Customers,Uddepy,Lv2_Visitors,Actuals,0.52414
2022,8,Customers,Faridabad,Lv1_Visitors,Actuals,0.40012
2022,8,Customers,Uddepy,Lv3_Visitors,Actuals,0.38497
2022,8,Customers,Faridabad,Lv2_Visitors,Actuals,0.27805
2022,8,Customers,Dehradun,Lv1_Visitors,Actuals,0.26198
2022,8,Customers,Ujjain,Lv1_Visitors,Actuals,0.20439
2022,8,Customers,Uddepy,Lv4_Visitors,Actuals,0.17238
2022,8,Customers,Faridabad,Lv3_Visitors,Actuals,0.16857
2022,8,Customers,Dehradun,Lv2_Visitors,Actuals,0.1671
2022,8,Customers,India,Lv5_Visitors,Actuals,0.1452
2022,8,Customers,Ujjain,Lv2_Visitors,Actuals,0.12936
2022,8,Customers,Dehradun,Lv3_Visitors,Actuals,0.07181
2022,8,Customers,Aurangabad,Lv1_Visitors,Actuals,0.06686
2022,8,Customers,Ujjain,Lv3_Visitors,Actuals,0.06642
2022,8,Customers,Uddepy,Lv5_Visitors,Actuals,0.05988
2022,8,Customers,Aurangabad,Lv2_Visitors,Actuals,0.04438
2022,8,Customers,Faridabad,Lv4_Visitors,Actuals,0.03325
2022,8,Customers,Aurangabad,Lv3_Visitors,Actuals,0.02904
2022,8,Customers,Ujjain,Lv4_Visitors,Actuals,0.02023
2022,8,Customers,Dehradun,Lv4_Visitors,Actuals,0.01661
2022,8,Customers,Faridabad,Lv5_Visitors,Actuals,0.01054
2022,8,Customers,Aurangabad,Lv4_Visitors,Actuals,0.01032
2022,8,Customers,Ujjain,Lv5_Visitors,Actuals,0.00751
2022,8,Customers,Dehradun,Lv5_Visitors,Actuals,0.00732
2022,8,Customers,Aurangabad,Lv5_Visitors,Actuals,0.00373
2020,7,Customers,India,Lv1_Visitors,Actuals,6.08543
2020,7,Customers,India,Lv3_Visitors,Actuals,5.86669
2020,7,Customers,India,Lv2_Visitors,Actuals,5.03072
2020,7,Customers,India,Lv4_Visitors,Actuals,2.42174
2020,7,Customers,Uddepy,Lv3_Visitors,Actuals,1.03206
2020,7,Customers,Uddepy,Lv1_Visitors,Actuals,0.96475
2020,7,Customers,Uddepy,Lv2_Visitors,Actuals,0.74984
2020,7,Customers,India,Lv5_Visitors,Actuals,0.58031
2020,7,Customers,Uddepy,Lv4_Visitors,Actuals,0.46252
2020,7,Customers,Ujjain,Lv1_Visitors,Actuals,0.34373
2020,7,Customers,Ujjain,Lv3_Visitors,Actuals,0.29266
2020,7,Customers,Dehradun,Lv1_Visitors,Actuals,0.28705
2020,7,Customers,Faridabad,Lv3_Visitors,Actuals,0.28502
2020,7,Customers,Ujjain,Lv2_Visitors,Actuals,0.26285
2020,7,Customers,Faridabad,Lv1_Visitors,Actuals,0.25467
2020,7,Customers,Faridabad,Lv2_Visitors,Actuals,0.22203
2020,7,Customers,Dehradun,Lv2_Visitors,Actuals,0.20288
2020,7,Customers,Dehradun,Lv3_Visitors,Actuals,0.19025
2020,7,Customers,Uddepy,Lv5_Visitors,Actuals,0.15204
2020,7,Customers,Faridabad,Lv4_Visitors,Actuals,0.13031
2020,7,Customers,Ujjain,Lv4_Visitors,Actuals,0.11797
2020,7,Customers,Aurangabad,Lv1_Visitors,Actuals,0.07493
2020,7,Customers,Dehradun,Lv4_Visitors,Actuals,0.06842
2020,7,Customers,Aurangabad,Lv3_Visitors,Actuals,0.0683
2020,7,Customers,Aurangabad,Lv2_Visitors,Actuals,0.05078
2020,7,Customers,Ujjain,Lv5_Visitors,Actuals,0.0474
2020,7,Customers,Faridabad,Lv5_Visitors,Actuals,0.04602
2020,7,Customers,Dehradun,Lv5_Visitors,Actuals,0.02933
2020,7,Customers,Aurangabad,Lv4_Visitors,Actuals,0.02384
2020,7,Customers,Aurangabad,Lv5_Visitors,Actuals,0.01053
2021,7,Customers,India,Lv1_Visitors,Actuals,5.35634
2021,7,Customers,India,Lv3_Visitors,Actuals,4.31464
2021,7,Customers,India,Lv2_Visitors,Actuals,4.27893
2021,7,Customers,India,Lv4_Visitors,Actuals,1.76228
2021,7,Customers,Uddepy,Lv1_Visitors,Actuals,0.79724
2021,7,Customers,Uddepy,Lv3_Visitors,Actuals,0.66891
2021,7,Customers,Uddepy,Lv2_Visitors,Actuals,0.62012
2021,7,Customers,India,Lv5_Visitors,Actuals,0.37264
2021,7,Customers,Uddepy,Lv4_Visitors,Actuals,0.29004
2021,7,Customers,Dehradun,Lv1_Visitors,Actuals,0.27549
2021,7,Customers,Faridabad,Lv1_Visitors,Actuals,0.26842
2021,7,Customers,Faridabad,Lv3_Visitors,Actuals,0.2536
2021,7,Customers,Faridabad,Lv2_Visitors,Actuals,0.21794
2021,7,Customers,Ujjain,Lv1_Visitors,Actuals,0.19562
2021,7,Customers,Dehradun,Lv2_Visitors,Actuals,0.18994
2021,7,Customers,Dehradun,Lv3_Visitors,Actuals,0.17054
2021,7,Customers,Ujjain,Lv3_Visitors,Actuals,0.15954
2021,7,Customers,Ujjain,Lv2_Visitors,Actuals,0.14213
2021,7,Customers,Faridabad,Lv4_Visitors,Actuals,0.11767
2021,7,Customers,Aurangabad,Lv1_Visitors,Actuals,0.10797
2021,7,Customers,Uddepy,Lv5_Visitors,Actuals,0.07877
2021,7,Customers,Aurangabad,Lv3_Visitors,Actuals,0.07721
2021,7,Customers,Aurangabad,Lv2_Visitors,Actuals,0.07095
2021,7,Customers,Ujjain,Lv4_Visitors,Actuals,0.05838
2021,7,Customers,Dehradun,Lv4_Visitors,Actuals,0.05491
2021,7,Customers,Faridabad,Lv5_Visitors,Actuals,0.03437
2021,7,Customers,Aurangabad,Lv4_Visitors,Actuals,0.02742
2021,7,Customers,Dehradun,Lv5_Visitors,Actuals,0.02218
2021,7,Customers,Ujjain,Lv5_Visitors,Actuals,0.02065
2021,7,Customers,Aurangabad,Lv5_Visitors,Actuals,0.01025
2022,7,Customers,India,Lv1_Visitors,Actuals,4.64734
2022,7,Customers,India,Lv2_Visitors,Actuals,3.17857
2022,7,Customers,India,Lv3_Visitors,Actuals,1.97043
2022,7,Customers,Uddepy,Lv1_Visitors,Actuals,0.86412
2022,7,Customers,India,Lv4_Visitors,Actuals,0.57146
2022,7,Customers,Uddepy,Lv2_Visitors,Actuals,0.51433
2022,7,Customers,Dehradun,Lv1_Visitors,Actuals,0.42397
2022,7,Customers,Uddepy,Lv3_Visitors,Actuals,0.36708
2022,7,Customers,Dehradun,Lv2_Visitors,Actuals,0.28655
2022,7,Customers,Faridabad,Lv1_Visitors,Actuals,0.27779
2022,7,Customers,Ujjain,Lv1_Visitors,Actuals,0.21397
2022,7,Customers,Faridabad,Lv2_Visitors,Actuals,0.18449
2022,7,Customers,Uddepy,Lv4_Visitors,Actuals,0.15578
2022,7,Customers,Dehradun,Lv3_Visitors,Actuals,0.14537
2022,7,Customers,Ujjain,Lv2_Visitors,Actuals,0.13633
2022,7,Customers,India,Lv5_Visitors,Actuals,0.1332
2022,7,Customers,Faridabad,Lv3_Visitors,Actuals,0.10827
2022,7,Customers,Ujjain,Lv3_Visitors,Actuals,0.07714
2022,7,Customers,Aurangabad,Lv1_Visitors,Actuals,0.06395
2022,7,Customers,Dehradun,Lv4_Visitors,Actuals,0.05392
2022,7,Customers,Uddepy,Lv5_Visitors,Actuals,0.05168
2022,7,Customers,Aurangabad,Lv2_Visitors,Actuals,0.04218
2022,7,Customers,Ujjain,Lv4_Visitors,Actuals,0.03195
2022,7,Customers,Faridabad,Lv4_Visitors,Actuals,0.03001
2022,7,Customers,Aurangabad,Lv3_Visitors,Actuals,0.02872
2022,7,Customers,Aurangabad,Lv4_Visitors,Actuals,0.00989
2022,7,Customers,Ujjain,Lv5_Visitors,Actuals,0.00888
2022,7,Customers,Dehradun,Lv5_Visitors,Actuals,0.00799
2022,7,Customers,Faridabad,Lv5_Visitors,Actuals,0.00727
2022,7,Customers,Aurangabad,Lv5_Visitors,Actuals,0.00392
2020,6,Customers,India,Lv1_Visitors,Actuals,6.7495
2020,6,Customers,India,Lv3_Visitors,Actuals,6.60336
2020,6,Customers,India,Lv2_Visitors,Actuals,5.6312
2020,6,Customers,India,Lv4_Visitors,Actuals,2.83435
2020,6,Customers,Uddepy,Lv3_Visitors,Actuals,1.23188
2020,6,Customers,Uddepy,Lv1_Visitors,Actuals,1.14004
2020,6,Customers,Uddepy,Lv2_Visitors,Actuals,0.88521
2020,6,Customers,India,Lv5_Visitors,Actuals,0.68942
2020,6,Customers,Uddepy,Lv4_Visitors,Actuals,0.58333
2020,6,Customers,Ujjain,Lv1_Visitors,Actuals,0.35549
2020,6,Customers,Dehradun,Lv1_Visitors,Actuals,0.35113
2020,6,Customers,Faridabad,Lv3_Visitors,Actuals,0.33011
2020,6,Customers,Ujjain,Lv3_Visitors,Actuals,0.32585
2020,6,Customers,Faridabad,Lv1_Visitors,Actuals,0.28086
2020,6,Customers,Ujjain,Lv2_Visitors,Actuals,0.27333
2020,6,Customers,Dehradun,Lv2_Visitors,Actuals,0.25923
2020,6,Customers,Faridabad,Lv2_Visitors,Actuals,0.2492
2020,6,Customers,Dehradun,Lv3_Visitors,Actuals,0.24703
2020,6,Customers,Uddepy,Lv5_Visitors,Actuals,0.19505
2020,6,Customers,Faridabad,Lv4_Visitors,Actuals,0.15467
2020,6,Customers,Ujjain,Lv4_Visitors,Actuals,0.12419
2020,6,Customers,Dehradun,Lv4_Visitors,Actuals,0.08814
2020,6,Customers,Aurangabad,Lv1_Visitors,Actuals,0.06926
2020,6,Customers,Aurangabad,Lv3_Visitors,Actuals,0.06522
2020,6,Customers,Faridabad,Lv5_Visitors,Actuals,0.05416
2020,6,Customers,Ujjain,Lv5_Visitors,Actuals,0.05185
2020,6,Customers,Aurangabad,Lv2_Visitors,Actuals,0.04849
2020,6,Customers,Dehradun,Lv5_Visitors,Actuals,0.04031
2020,6,Customers,Aurangabad,Lv4_Visitors,Actuals,0.02148
2020,6,Customers,Aurangabad,Lv5_Visitors,Actuals,0.00892
2021,6,Customers,India,Lv1_Visitors,Actuals,5.63598
2021,6,Customers,India,Lv3_Visitors,Actuals,4.69601
2021,6,Customers,India,Lv2_Visitors,Actuals,4.4936
2021,6,Customers,India,Lv4_Visitors,Actuals,1.87122
2021,6,Customers,Uddepy,Lv1_Visitors,Actuals,0.71717
2021,6,Customers,Uddepy,Lv3_Visitors,Actuals,0.60153
2021,6,Customers,Uddepy,Lv2_Visitors,Actuals,0.52803
2021,6,Customers,India,Lv5_Visitors,Actuals,0.4075
2021,6,Customers,Faridabad,Lv1_Visitors,Actuals,0.30022
2021,6,Customers,Dehradun,Lv1_Visitors,Actuals,0.28888
2021,6,Customers,Faridabad,Lv3_Visitors,Actuals,0.28045
2021,6,Customers,Uddepy,Lv4_Visitors,Actuals,0.24222
2021,6,Customers,Faridabad,Lv2_Visitors,Actuals,0.24111
2021,6,Customers,Dehradun,Lv2_Visitors,Actuals,0.20228
2021,6,Customers,Ujjain,Lv1_Visitors,Actuals,0.19866
2021,6,Customers,Dehradun,Lv3_Visitors,Actuals,0.179
2021,6,Customers,Ujjain,Lv3_Visitors,Actuals,0.167
2021,6,Customers,Ujjain,Lv2_Visitors,Actuals,0.14395
2021,6,Customers,Faridabad,Lv4_Visitors,Actuals,0.13571
2021,6,Customers,Aurangabad,Lv1_Visitors,Actuals,0.07907
2021,6,Customers,Aurangabad,Lv3_Visitors,Actuals,0.07082
2021,6,Customers,Uddepy,Lv5_Visitors,Actuals,0.07069
2021,6,Customers,Ujjain,Lv4_Visitors,Actuals,0.06382
2021,6,Customers,Dehradun,Lv4_Visitors,Actuals,0.05807
2021,6,Customers,Aurangabad,Lv2_Visitors,Actuals,0.05762
2021,6,Customers,Faridabad,Lv5_Visitors,Actuals,0.04041
2021,6,Customers,Aurangabad,Lv4_Visitors,Actuals,0.02509
2021,6,Customers,Ujjain,Lv5_Visitors,Actuals,0.02362
2021,6,Customers,Dehradun,Lv5_Visitors,Actuals,0.02313
2021,6,Customers,Aurangabad,Lv5_Visitors,Actuals,0.00964
2022,6,Customers,India,Lv1_Visitors,Actuals,5.06023
2022,6,Customers,India,Lv2_Visitors,Actuals,3.25564
2022,6,Customers,India,Lv3_Visitors,Actuals,1.92385
2022,6,Customers,Uddepy,Lv1_Visitors,Actuals,1.19905
2022,6,Customers,Uddepy,Lv2_Visitors,Actuals,0.57499
2022,6,Customers,India,Lv4_Visitors,Actuals,0.46953
2022,6,Customers,Uddepy,Lv3_Visitors,Actuals,0.3763
2022,6,Customers,Dehradun,Lv1_Visitors,Actuals,0.36346
2022,6,Customers,Ujjain,Lv1_Visitors,Actuals,0.3006
2022,6,Customers,Faridabad,Lv1_Visitors,Actuals,0.25057
2022,6,Customers,Dehradun,Lv2_Visitors,Actuals,0.23356
2022,6,Customers,Ujjain,Lv2_Visitors,Actuals,0.17562
2022,6,Customers,Faridabad,Lv2_Visitors,Actuals,0.16486
2022,6,Customers,Uddepy,Lv4_Visitors,Actuals,0.15733
2022,6,Customers,India,Lv5_Visitors,Actuals,0.12702
2022,6,Customers,Faridabad,Lv3_Visitors,Actuals,0.1009
2022,6,Customers,Dehradun,Lv3_Visitors,Actuals,0.10069
2022,6,Customers,Ujjain,Lv3_Visitors,Actuals,0.07493
2022,6,Customers,Aurangabad,Lv1_Visitors,Actuals,0.07252
2022,6,Customers,Uddepy,Lv5_Visitors,Actuals,0.05112
2022,6,Customers,Aurangabad,Lv2_Visitors,Actuals,0.04714
2022,6,Customers,Aurangabad,Lv3_Visitors,Actuals,0.03074
2022,6,Customers,Dehradun,Lv4_Visitors,Actuals,0.02655
2022,6,Customers,Faridabad,Lv4_Visitors,Actuals,0.0264
2022,6,Customers,Ujjain,Lv4_Visitors,Actuals,0.01803
2022,6,Customers,Aurangabad,Lv4_Visitors,Actuals,0.00949
2022,6,Customers,Dehradun,Lv5_Visitors,Actuals,0.00865
2022,6,Customers,Faridabad,Lv5_Visitors,Actuals,0.0076
2022,6,Customers,Ujjain,Lv5_Visitors,Actuals,0.00629
2022,6,Customers,Aurangabad,Lv5_Visitors,Actuals,0.00358
2020,5,Customers,India,Lv3_Visitors,Actuals,7.14014
2020,5,Customers,India,Lv1_Visitors,Actuals,7.10544
2020,5,Customers,India,Lv2_Visitors,Actuals,5.90422
2020,5,Customers,India,Lv4_Visitors,Actuals,3.203
2020,5,Customers,Uddepy,Lv3_Visitors,Actuals,1.4295
2020,5,Customers,Uddepy,Lv1_Visitors,Actuals,1.35391
2020,5,Customers,Uddepy,Lv2_Visitors,Actuals,1.04827
2020,5,Customers,India,Lv5_Visitors,Actuals,0.76806
2020,5,Customers,Uddepy,Lv4_Visitors,Actuals,0.69401
2020,5,Customers,Faridabad,Lv3_Visitors,Actuals,0.46064
2020,5,Customers,Ujjain,Lv3_Visitors,Actuals,0.35947
2020,5,Customers,Faridabad,Lv1_Visitors,Actuals,0.3592
2020,5,Customers,Ujjain,Lv1_Visitors,Actuals,0.33979
2020,5,Customers,Dehradun,Lv1_Visitors,Actuals,0.33688
2020,5,Customers,Faridabad,Lv2_Visitors,Actuals,0.32196
2020,5,Customers,Dehradun,Lv3_Visitors,Actuals,0.2781
2020,5,Customers,Ujjain,Lv2_Visitors,Actuals,0.27147
2020,5,Customers,Dehradun,Lv2_Visitors,Actuals,0.25041
2020,5,Customers,Uddepy,Lv5_Visitors,Actuals,0.23213
2020,5,Customers,Faridabad,Lv4_Visitors,Actuals,0.23011
2020,5,Customers,Ujjain,Lv4_Visitors,Actuals,0.13944
2020,5,Customers,Dehradun,Lv4_Visitors,Actuals,0.09844
2020,5,Customers,Aurangabad,Lv1_Visitors,Actuals,0.07747
2020,5,Customers,Aurangabad,Lv3_Visitors,Actuals,0.07417
2020,5,Customers,Faridabad,Lv5_Visitors,Actuals,0.07226
2020,5,Customers,Ujjain,Lv5_Visitors,Actuals,0.05413
2020,5,Customers,Aurangabad,Lv2_Visitors,Actuals,0.05298
2020,5,Customers,Dehradun,Lv5_Visitors,Actuals,0.04143
2020,5,Customers,Aurangabad,Lv4_Visitors,Actuals,0.02514
2020,5,Customers,Aurangabad,Lv5_Visitors,Actuals,0.01011
2021,5,Customers,India,Lv1_Visitors,Actuals,6.08351
2021,5,Customers,India,Lv3_Visitors,Actuals,5.1313
2021,5,Customers,India,Lv2_Visitors,Actuals,4.92346
2021,5,Customers,India,Lv4_Visitors,Actuals,2.00638
2021,5,Customers,Uddepy,Lv1_Visitors,Actuals,0.8992
2021,5,Customers,Uddepy,Lv3_Visitors,Actuals,0.81461
2021,5,Customers,Uddepy,Lv2_Visitors,Actuals,0.67111
2021,5,Customers,India,Lv5_Visitors,Actuals,0.45563
2021,5,Customers,Uddepy,Lv4_Visitors,Actuals,0.37026
2021,5,Customers,Dehradun,Lv1_Visitors,Actuals,0.29661
2021,5,Customers,Ujjain,Lv1_Visitors,Actuals,0.23661
2021,5,Customers,Faridabad,Lv3_Visitors,Actuals,0.23359
2021,5,Customers,Faridabad,Lv1_Visitors,Actuals,0.22558
2021,5,Customers,Dehradun,Lv3_Visitors,Actuals,0.22124
2021,5,Customers,Dehradun,Lv2_Visitors,Actuals,0.21942
2021,5,Customers,Ujjain,Lv3_Visitors,Actuals,0.20717
2021,5,Customers,Faridabad,Lv2_Visitors,Actuals,0.19319
2021,5,Customers,Ujjain,Lv2_Visitors,Actuals,0.1727
2021,5,Customers,Faridabad,Lv4_Visitors,Actuals,0.12594
2021,5,Customers,Uddepy,Lv5_Visitors,Actuals,0.10738
2021,5,Customers,Ujjain,Lv4_Visitors,Actuals,0.08382
2021,5,Customers,Dehradun,Lv4_Visitors,Actuals,0.07788
2021,5,Customers,Aurangabad,Lv1_Visitors,Actuals,0.07684
2021,5,Customers,Aurangabad,Lv3_Visitors,Actuals,0.06936
2021,5,Customers,Aurangabad,Lv2_Visitors,Actuals,0.0552
2021,5,Customers,Faridabad,Lv5_Visitors,Actuals,0.03315
2021,5,Customers,Dehradun,Lv5_Visitors,Actuals,0.03119
2021,5,Customers,Ujjain,Lv5_Visitors,Actuals,0.03006
2021,5,Customers,Aurangabad,Lv4_Visitors,Actuals,0.02452
2021,5,Customers,Aurangabad,Lv5_Visitors,Actuals,0.00904
2022,5,Customers,India,Lv1_Visitors,Actuals,5.0439
2022,5,Customers,India,Lv2_Visitors,Actuals,3.41611
2022,5,Customers,India,Lv3_Visitors,Actuals,2.02931
2022,5,Customers,Uddepy,Lv1_Visitors,Actuals,0.93492
2022,5,Customers,India,Lv4_Visitors,Actuals,0.57948
2022,5,Customers,Uddepy,Lv2_Visitors,Actuals,0.51787
2022,5,Customers,Uddepy,Lv3_Visitors,Actuals,0.37397
2022,5,Customers,Dehradun,Lv1_Visitors,Actuals,0.37111
2022,5,Customers,Ujjain,Lv1_Visitors,Actuals,0.32742
2022,5,Customers,Faridabad,Lv1_Visitors,Actuals,0.26619
2022,5,Customers,Dehradun,Lv2_Visitors,Actuals,0.23787
2022,5,Customers,Ujjain,Lv2_Visitors,Actuals,0.18877
2022,5,Customers,Faridabad,Lv2_Visitors,Actuals,0.17841
2022,5,Customers,Uddepy,Lv4_Visitors,Actuals,0.15859
2022,5,Customers,India,Lv5_Visitors,Actuals,0.1495
2022,5,Customers,Faridabad,Lv3_Visitors,Actuals,0.12556
2022,5,Customers,Dehradun,Lv3_Visitors,Actuals,0.09661
2022,5,Customers,Ujjain,Lv3_Visitors,Actuals,0.08453
2022,5,Customers,Aurangabad,Lv1_Visitors,Actuals,0.07223
2022,5,Customers,Uddepy,Lv5_Visitors,Actuals,0.05225
2022,5,Customers,Aurangabad,Lv2_Visitors,Actuals,0.04698
2022,5,Customers,Faridabad,Lv4_Visitors,Actuals,0.03749
2022,5,Customers,Aurangabad,Lv3_Visitors,Actuals,0.03224
2022,5,Customers,Dehradun,Lv4_Visitors,Actuals,0.02705
2022,5,Customers,Ujjain,Lv4_Visitors,Actuals,0.02531
2022,5,Customers,Aurangabad,Lv4_Visitors,Actuals,0.0118
2022,5,Customers,Dehradun,Lv5_Visitors,Actuals,0.01171
2022,5,Customers,Faridabad,Lv5_Visitors,Actuals,0.00964
2022,5,Customers,Ujjain,Lv5_Visitors,Actuals,0.00899
2022,5,Customers,Aurangabad,Lv5_Visitors,Actuals,0.00431
2020,4,Customers,India,Lv1_Visitors,Actuals,6.89114
2020,4,Customers,India,Lv3_Visitors,Actuals,6.43474
2020,4,Customers,India,Lv2_Visitors,Actuals,5.54469
2020,4,Customers,India,Lv4_Visitors,Actuals,2.87979
2020,4,Customers,Uddepy,Lv1_Visitors,Actuals,1.63816
2020,4,Customers,Uddepy,Lv3_Visitors,Actuals,1.45075
2020,4,Customers,Uddepy,Lv2_Visitors,Actuals,1.21829
2020,4,Customers,India,Lv5_Visitors,Actuals,0.69648
2020,4,Customers,Uddepy,Lv4_Visitors,Actuals,0.68321
2020,4,Customers,Dehradun,Lv1_Visitors,Actuals,0.39096
2020,4,Customers,Dehradun,Lv3_Visitors,Actuals,0.34937
2020,4,Customers,Ujjain,Lv1_Visitors,Actuals,0.30368
2020,4,Customers,Ujjain,Lv3_Visitors,Actuals,0.28597
2020,4,Customers,Dehradun,Lv2_Visitors,Actuals,0.28135
2020,4,Customers,Faridabad,Lv3_Visitors,Actuals,0.26716
2020,4,Customers,Ujjain,Lv2_Visitors,Actuals,0.23363
2020,4,Customers,Uddepy,Lv5_Visitors,Actuals,0.23029
2020,4,Customers,Faridabad,Lv1_Visitors,Actuals,0.21188
2020,4,Customers,Faridabad,Lv2_Visitors,Actuals,0.18895
2020,4,Customers,Faridabad,Lv4_Visitors,Actuals,0.13023
2020,4,Customers,Dehradun,Lv4_Visitors,Actuals,0.12653
2020,4,Customers,Ujjain,Lv4_Visitors,Actuals,0.12107
2020,4,Customers,Aurangabad,Lv3_Visitors,Actuals,0.0904
2020,4,Customers,Aurangabad,Lv1_Visitors,Actuals,0.08719
2020,4,Customers,Aurangabad,Lv2_Visitors,Actuals,0.06101
2020,4,Customers,Dehradun,Lv5_Visitors,Actuals,0.05726
2020,4,Customers,Ujjain,Lv5_Visitors,Actuals,0.04641
2020,4,Customers,Faridabad,Lv5_Visitors,Actuals,0.04045
2020,4,Customers,Aurangabad,Lv4_Visitors,Actuals,0.03011
2020,4,Customers,Aurangabad,Lv5_Visitors,Actuals,0.01297
2021,4,Customers,India,Lv1_Visitors,Actuals,6.42725
2021,4,Customers,India,Lv3_Visitors,Actuals,5.3074
2021,4,Customers,India,Lv2_Visitors,Actuals,5.20986
2021,4,Customers,India,Lv4_Visitors,Actuals,2.20736
2021,4,Customers,Uddepy,Lv1_Visitors,Actuals,0.95257
2021,4,Customers,Uddepy,Lv3_Visitors,Actuals,0.85567
2021,4,Customers,Uddepy,Lv2_Visitors,Actuals,0.72009
2021,4,Customers,India,Lv5_Visitors,Actuals,0.57046
2021,4,Customers,Uddepy,Lv4_Visitors,Actuals,0.39888
2021,4,Customers,Faridabad,Lv1_Visitors,Actuals,0.34755
2021,4,Customers,Faridabad,Lv3_Visitors,Actuals,0.34354
2021,4,Customers,Dehradun,Lv1_Visitors,Actuals,0.31473
2021,4,Customers,Faridabad,Lv2_Visitors,Actuals,0.29465
2021,4,Customers,Ujjain,Lv1_Visitors,Actuals,0.25263
2021,4,Customers,Dehradun,Lv2_Visitors,Actuals,0.2333
2021,4,Customers,Ujjain,Lv3_Visitors,Actuals,0.21441
2021,4,Customers,Dehradun,Lv3_Visitors,Actuals,0.21369
2021,4,Customers,Ujjain,Lv2_Visitors,Actuals,0.18713
2021,4,Customers,Faridabad,Lv4_Visitors,Actuals,0.17514
2021,4,Customers,Uddepy,Lv5_Visitors,Actuals,0.12664
2021,4,Customers,Ujjain,Lv4_Visitors,Actuals,0.09666
2021,4,Customers,Dehradun,Lv4_Visitors,Actuals,0.07984
2021,4,Customers,Aurangabad,Lv1_Visitors,Actuals,0.07409
2021,4,Customers,Aurangabad,Lv3_Visitors,Actuals,0.06542
2021,4,Customers,Faridabad,Lv5_Visitors,Actuals,0.06243
2021,4,Customers,Aurangabad,Lv2_Visitors,Actuals,0.05338
2021,4,Customers,Ujjain,Lv5_Visitors,Actuals,0.03854
2021,4,Customers,Dehradun,Lv5_Visitors,Actuals,0.03521
2021,4,Customers,Aurangabad,Lv4_Visitors,Actuals,0.02531
2021,4,Customers,Aurangabad,Lv5_Visitors,Actuals,0.01032
2022,4,Customers,India,Lv1_Visitors,Actuals,4.72128
2022,4,Customers,India,Lv2_Visitors,Actuals,3.32458
2022,4,Customers,India,Lv3_Visitors,Actuals,2.17902
2022,4,Customers,Uddepy,Lv1_Visitors,Actuals,0.97503
2022,4,Customers,India,Lv4_Visitors,Actuals,0.76645
2022,4,Customers,Uddepy,Lv2_Visitors,Actuals,0.5608
2022,4,Customers,Uddepy,Lv3_Visitors,Actuals,0.42747
2022,4,Customers,Faridabad,Lv1_Visitors,Actuals,0.25257
2022,4,Customers,Dehradun,Lv1_Visitors,Actuals,0.23578
2022,4,Customers,Ujjain,Lv1_Visitors,Actuals,0.218
2022,4,Customers,Uddepy,Lv4_Visitors,Actuals,0.1854
2022,4,Customers,India,Lv5_Visitors,Actuals,0.17271
2022,4,Customers,Faridabad,Lv2_Visitors,Actuals,0.17172
2022,4,Customers,Dehradun,Lv2_Visitors,Actuals,0.1582
2022,4,Customers,Faridabad,Lv3_Visitors,Actuals,0.14053
2022,4,Customers,Ujjain,Lv2_Visitors,Actuals,0.13483
2022,4,Customers,Dehradun,Lv3_Visitors,Actuals,0.09171
2022,4,Customers,Ujjain,Lv3_Visitors,Actuals,0.08469
2022,4,Customers,Uddepy,Lv5_Visitors,Actuals,0.06462
2022,4,Customers,Aurangabad,Lv1_Visitors,Actuals,0.06379
2022,4,Customers,Faridabad,Lv4_Visitors,Actuals,0.04553
2022,4,Customers,Aurangabad,Lv2_Visitors,Actuals,0.04183
2022,4,Customers,Ujjain,Lv4_Visitors,Actuals,0.03145
2022,4,Customers,Aurangabad,Lv3_Visitors,Actuals,0.03053
2022,4,Customers,Dehradun,Lv4_Visitors,Actuals,0.02822
2022,4,Customers,Aurangabad,Lv4_Visitors,Actuals,0.01216
2022,4,Customers,Dehradun,Lv5_Visitors,Actuals,0.01117
2022,4,Customers,Faridabad,Lv5_Visitors,Actuals,0.01049
2022,4,Customers,Ujjain,Lv5_Visitors,Actuals,0.00988
2022,4,Customers,Aurangabad,Lv5_Visitors,Actuals,0.0049
2020,3,Customers,India,Lv1_Visitors,Actuals,5.18074
2020,3,Customers,India,Lv3_Visitors,Actuals,5.06752
2020,3,Customers,India,Lv2_Visitors,Actuals,4.13482
2020,3,Customers,India,Lv4_Visitors,Actuals,2.2381
2020,3,Customers,Uddepy,Lv3_Visitors,Actuals,1.04662
2020,3,Customers,Uddepy,Lv1_Visitors,Actuals,0.97626
2020,3,Customers,Uddepy,Lv2_Visitors,Actuals,0.71323
2020,3,Customers,India,Lv5_Visitors,Actuals,0.54447
2020,3,Customers,Uddepy,Lv4_Visitors,Actuals,0.46068
2020,3,Customers,Dehradun,Lv1_Visitors,Actuals,0.33394
2020,3,Customers,Dehradun,Lv3_Visitors,Actuals,0.30583
2020,3,Customers,Ujjain,Lv1_Visitors,Actuals,0.28233
2020,3,Customers,Ujjain,Lv3_Visitors,Actuals,0.27495
2020,3,Customers,Dehradun,Lv2_Visitors,Actuals,0.24084
2020,3,Customers,Ujjain,Lv2_Visitors,Actuals,0.21527
2020,3,Customers,Faridabad,Lv3_Visitors,Actuals,0.19981
2020,3,Customers,Uddepy,Lv5_Visitors,Actuals,0.15527
2020,3,Customers,Faridabad,Lv1_Visitors,Actuals,0.15489
2020,3,Customers,Faridabad,Lv2_Visitors,Actuals,0.13902
2020,3,Customers,Ujjain,Lv4_Visitors,Actuals,0.11417
2020,3,Customers,Dehradun,Lv4_Visitors,Actuals,0.10855
2020,3,Customers,Faridabad,Lv4_Visitors,Actuals,0.09446
2020,3,Customers,Aurangabad,Lv1_Visitors,Actuals,0.0766
2020,3,Customers,Aurangabad,Lv3_Visitors,Actuals,0.07194
2020,3,Customers,Dehradun,Lv5_Visitors,Actuals,0.05186
2020,3,Customers,Aurangabad,Lv2_Visitors,Actuals,0.05007
2020,3,Customers,Ujjain,Lv5_Visitors,Actuals,0.0406
2020,3,Customers,Faridabad,Lv5_Visitors,Actuals,0.02949
2020,3,Customers,Aurangabad,Lv4_Visitors,Actuals,0.02235
2020,3,Customers,Aurangabad,Lv5_Visitors,Actuals,0.00942
2021,3,Customers,India,Lv1_Visitors,Actuals,7.85903
2021,3,Customers,India,Lv2_Visitors,Actuals,6.48832
2021,3,Customers,India,Lv3_Visitors,Actuals,6.37409
2021,3,Customers,India,Lv4_Visitors,Actuals,2.94676
2021,3,Customers,Uddepy,Lv1_Visitors,Actuals,1.18728
2021,3,Customers,Uddepy,Lv3_Visitors,Actuals,0.9563
2021,3,Customers,Uddepy,Lv2_Visitors,Actuals,0.92883
2021,3,Customers,India,Lv5_Visitors,Actuals,0.86465
2021,3,Customers,Uddepy,Lv4_Visitors,Actuals,0.45909
2021,3,Customers,Faridabad,Lv1_Visitors,Actuals,0.4108
2021,3,Customers,Dehradun,Lv1_Visitors,Actuals,0.40998
2021,3,Customers,Ujjain,Lv1_Visitors,Actuals,0.38575
2021,3,Customers,Faridabad,Lv3_Visitors,Actuals,0.38476
2021,3,Customers,Faridabad,Lv2_Visitors,Actuals,0.35243
2021,3,Customers,Ujjain,Lv3_Visitors,Actuals,0.32802
2021,3,Customers,Dehradun,Lv2_Visitors,Actuals,0.31428
2021,3,Customers,Ujjain,Lv2_Visitors,Actuals,0.30287
2021,3,Customers,Dehradun,Lv3_Visitors,Actuals,0.29002
2021,3,Customers,Faridabad,Lv4_Visitors,Actuals,0.2131
2021,3,Customers,Ujjain,Lv4_Visitors,Actuals,0.1732
2021,3,Customers,Uddepy,Lv5_Visitors,Actuals,0.16903
2021,3,Customers,Dehradun,Lv4_Visitors,Actuals,0.1324
2021,3,Customers,Aurangabad,Lv1_Visitors,Actuals,0.11162
2021,3,Customers,Aurangabad,Lv3_Visitors,Actuals,0.0905
2021,3,Customers,Faridabad,Lv5_Visitors,Actuals,0.08543
2021,3,Customers,Aurangabad,Lv2_Visitors,Actuals,0.08459
2021,3,Customers,Ujjain,Lv5_Visitors,Actuals,0.07807
2021,3,Customers,Dehradun,Lv5_Visitors,Actuals,0.06608
2021,3,Customers,Aurangabad,Lv4_Visitors,Actuals,0.04108
2021,3,Customers,Aurangabad,Lv5_Visitors,Actuals,0.0176
2022,3,Customers,India,Lv1_Visitors,Actuals,5.78083
2022,3,Customers,India,Lv2_Visitors,Actuals,4.00451
2022,3,Customers,India,Lv3_Visitors,Actuals,2.54235
2022,3,Customers,Uddepy,Lv1_Visitors,Actuals,1.05943
2022,3,Customers,India,Lv4_Visitors,Actuals,0.91699
2022,3,Customers,Uddepy,Lv2_Visitors,Actuals,0.60996
2022,3,Customers,Uddepy,Lv3_Visitors,Actuals,0.44826
2022,3,Customers,Faridabad,Lv1_Visitors,Actuals,0.43481
2022,3,Customers,Dehradun,Lv1_Visitors,Actuals,0.36744
2022,3,Customers,Ujjain,Lv1_Visitors,Actuals,0.31045
2022,3,Customers,Faridabad,Lv2_Visitors,Actuals,0.29707
2022,3,Customers,Faridabad,Lv3_Visitors,Actuals,0.23095
2022,3,Customers,Dehradun,Lv2_Visitors,Actuals,0.22455
2022,3,Customers,Uddepy,Lv4_Visitors,Actuals,0.21724
2022,3,Customers,India,Lv5_Visitors,Actuals,0.20266
2022,3,Customers,Ujjain,Lv2_Visitors,Actuals,0.17745
2022,3,Customers,Ujjain,Lv3_Visitors,Actuals,0.10658
2022,3,Customers,Dehradun,Lv3_Visitors,Actuals,0.09977
2022,3,Customers,Aurangabad,Lv1_Visitors,Actuals,0.07492
2022,3,Customers,Uddepy,Lv5_Visitors,Actuals,0.0711
2022,3,Customers,Faridabad,Lv4_Visitors,Actuals,0.05967
2022,3,Customers,Aurangabad,Lv2_Visitors,Actuals,0.04721
2022,3,Customers,Aurangabad,Lv3_Visitors,Actuals,0.03627
2022,3,Customers,Ujjain,Lv4_Visitors,Actuals,0.03172
2022,3,Customers,Dehradun,Lv4_Visitors,Actuals,0.02913
2022,3,Customers,Faridabad,Lv5_Visitors,Actuals,0.01524
2022,3,Customers,Aurangabad,Lv4_Visitors,Actuals,0.01381
2022,3,Customers,Dehradun,Lv5_Visitors,Actuals,0.01231
2022,3,Customers,Ujjain,Lv5_Visitors,Actuals,0.01065
2022,3,Customers,Aurangabad,Lv5_Visitors,Actuals,0.00487
2020,2,Customers,India,Lv1_Visitors,Actuals,4.61165
2020,2,Customers,India,Lv3_Visitors,Actuals,4.37011
2020,2,Customers,India,Lv2_Visitors,Actuals,3.61914
2020,2,Customers,India,Lv4_Visitors,Actuals,1.8724
2020,2,Customers,Uddepy,Lv3_Visitors,Actuals,1.04158
2020,2,Customers,Uddepy,Lv1_Visitors,Actuals,1.02187
2020,2,Customers,Uddepy,Lv2_Visitors,Actuals,0.7267
2020,2,Customers,Uddepy,Lv4_Visitors,Actuals,0.47436
2020,2,Customers,India,Lv5_Visitors,Actuals,0.45722
2020,2,Customers,Ujjain,Lv1_Visitors,Actuals,0.25606
2020,2,Customers,Dehradun,Lv1_Visitors,Actuals,0.24712
2020,2,Customers,Ujjain,Lv3_Visitors,Actuals,0.24356
2020,2,Customers,Dehradun,Lv3_Visitors,Actuals,0.21917
2020,2,Customers,Ujjain,Lv2_Visitors,Actuals,0.19208
2020,2,Customers,Dehradun,Lv2_Visitors,Actuals,0.18163
2020,2,Customers,Faridabad,Lv3_Visitors,Actuals,0.1672
2020,2,Customers,Uddepy,Lv5_Visitors,Actuals,0.15119
2020,2,Customers,Faridabad,Lv1_Visitors,Actuals,0.13964
2020,2,Customers,Faridabad,Lv2_Visitors,Actuals,0.12141
2020,2,Customers,Ujjain,Lv4_Visitors,Actuals,0.09484
2020,2,Customers,Faridabad,Lv4_Visitors,Actuals,0.07564
2020,2,Customers,Dehradun,Lv4_Visitors,Actuals,0.07312
2020,2,Customers,Aurangabad,Lv1_Visitors,Actuals,0.07092
2020,2,Customers,Aurangabad,Lv3_Visitors,Actuals,0.0608
2020,2,Customers,Aurangabad,Lv2_Visitors,Actuals,0.04539
2020,2,Customers,Ujjain,Lv5_Visitors,Actuals,0.03238
2020,2,Customers,Dehradun,Lv5_Visitors,Actuals,0.03141
2020,2,Customers,Faridabad,Lv5_Visitors,Actuals,0.02231
2020,2,Customers,Aurangabad,Lv4_Visitors,Actuals,0.01649
2020,2,Customers,Aurangabad,Lv5_Visitors,Actuals,0.00693
2021,2,Customers,India,Lv1_Visitors,Actuals,6.75767
2021,2,Customers,India,Lv3_Visitors,Actuals,5.52723
2021,2,Customers,India,Lv2_Visitors,Actuals,5.43885
2021,2,Customers,India,Lv4_Visitors,Actuals,2.57782
2021,2,Customers,Uddepy,Lv1_Visitors,Actuals,1.14704
2021,2,Customers,Uddepy,Lv3_Visitors,Actuals,0.88016
2021,2,Customers,Uddepy,Lv2_Visitors,Actuals,0.87365
2021,2,Customers,India,Lv5_Visitors,Actuals,0.72662
2021,2,Customers,Uddepy,Lv4_Visitors,Actuals,0.42753
2021,2,Customers,Dehradun,Lv1_Visitors,Actuals,0.38952
2021,2,Customers,Ujjain,Lv1_Visitors,Actuals,0.37887
2021,2,Customers,Faridabad,Lv1_Visitors,Actuals,0.3384
2021,2,Customers,Faridabad,Lv3_Visitors,Actuals,0.32303
2021,2,Customers,Ujjain,Lv3_Visitors,Actuals,0.29669
2021,2,Customers,Dehradun,Lv2_Visitors,Actuals,0.29288
2021,2,Customers,Ujjain,Lv2_Visitors,Actuals,0.28961
2021,2,Customers,Faridabad,Lv2_Visitors,Actuals,0.28877
2021,2,Customers,Dehradun,Lv3_Visitors,Actuals,0.27297
2021,2,Customers,Faridabad,Lv4_Visitors,Actuals,0.17527
2021,2,Customers,Ujjain,Lv4_Visitors,Actuals,0.15025
2021,2,Customers,Uddepy,Lv5_Visitors,Actuals,0.14931
2021,2,Customers,Dehradun,Lv4_Visitors,Actuals,0.1246
2021,2,Customers,Aurangabad,Lv1_Visitors,Actuals,0.09208
2021,2,Customers,Aurangabad,Lv3_Visitors,Actuals,0.08555
2021,2,Customers,Faridabad,Lv5_Visitors,Actuals,0.07022
2021,2,Customers,Aurangabad,Lv2_Visitors,Actuals,0.06835
2021,2,Customers,Ujjain,Lv5_Visitors,Actuals,0.0661
2021,2,Customers,Dehradun,Lv5_Visitors,Actuals,0.05958
2021,2,Customers,Aurangabad,Lv4_Visitors,Actuals,0.03762
2021,2,Customers,Aurangabad,Lv5_Visitors,Actuals,0.01662
2022,2,Customers,India,Lv1_Visitors,Actuals,4.12205
2022,2,Customers,India,Lv2_Visitors,Actuals,2.82539
2022,2,Customers,India,Lv3_Visitors,Actuals,2.28545
2022,2,Customers,Uddepy,Lv1_Visitors,Actuals,1.00042
2022,2,Customers,India,Lv4_Visitors,Actuals,0.92619
2022,2,Customers,Uddepy,Lv2_Visitors,Actuals,0.57585
2022,2,Customers,Uddepy,Lv3_Visitors,Actuals,0.48763
2022,2,Customers,Dehradun,Lv1_Visitors,Actuals,0.30183
2022,2,Customers,Ujjain,Lv1_Visitors,Actuals,0.27211
2022,2,Customers,Uddepy,Lv4_Visitors,Actuals,0.23835
2022,2,Customers,India,Lv5_Visitors,Actuals,0.20643
2022,2,Customers,Dehradun,Lv2_Visitors,Actuals,0.19075
2022,2,Customers,Faridabad,Lv1_Visitors,Actuals,0.18214
2022,2,Customers,Ujjain,Lv2_Visitors,Actuals,0.163
2022,2,Customers,Faridabad,Lv2_Visitors,Actuals,0.12278
2022,2,Customers,Dehradun,Lv3_Visitors,Actuals,0.10811
2022,2,Customers,Ujjain,Lv3_Visitors,Actuals,0.10058
2022,2,Customers,Faridabad,Lv3_Visitors,Actuals,0.0939
2022,2,Customers,Uddepy,Lv5_Visitors,Actuals,0.07707
2022,2,Customers,Aurangabad,Lv1_Visitors,Actuals,0.07361
2022,2,Customers,Aurangabad,Lv2_Visitors,Actuals,0.0466
2022,2,Customers,Faridabad,Lv4_Visitors,Actuals,0.0452
2022,2,Customers,Ujjain,Lv4_Visitors,Actuals,0.0386
2022,2,Customers,Dehradun,Lv4_Visitors,Actuals,0.03701
2022,2,Customers,Aurangabad,Lv3_Visitors,Actuals,0.03682
2022,2,Customers,Dehradun,Lv5_Visitors,Actuals,0.01513
2022,2,Customers,Aurangabad,Lv4_Visitors,Actuals,0.01482
2022,2,Customers,Ujjain,Lv5_Visitors,Actuals,0.01333
2022,2,Customers,Faridabad,Lv5_Visitors,Actuals,0.00986
2022,2,Customers,Aurangabad,Lv5_Visitors,Actuals,0.00578
2020,1,Customers,India,Lv1_Visitors,Actuals,4.24743
2020,1,Customers,India,Lv3_Visitors,Actuals,3.71396
2020,1,Customers,India,Lv2_Visitors,Actuals,3.26618
2020,1,Customers,India,Lv4_Visitors,Actuals,1.58246
2020,1,Customers,Uddepy,Lv3_Visitors,Actuals,1.08349
2020,1,Customers,Uddepy,Lv1_Visitors,Actuals,1.03882
2020,1,Customers,Uddepy,Lv2_Visitors,Actuals,0.75152
2020,1,Customers,Uddepy,Lv4_Visitors,Actuals,0.48209
2020,1,Customers,India,Lv5_Visitors,Actuals,0.42569
2020,1,Customers,Dehradun,Lv1_Visitors,Actuals,0.28903
2020,1,Customers,Ujjain,Lv3_Visitors,Actuals,0.25661
2020,1,Customers,Ujjain,Lv1_Visitors,Actuals,0.25434
2020,1,Customers,Dehradun,Lv3_Visitors,Actuals,0.2538
2020,1,Customers,Dehradun,Lv2_Visitors,Actuals,0.21332
2020,1,Customers,Ujjain,Lv2_Visitors,Actuals,0.19891
2020,1,Customers,Faridabad,Lv3_Visitors,Actuals,0.1772
2020,1,Customers,Uddepy,Lv5_Visitors,Actuals,0.15447
2020,1,Customers,Faridabad,Lv1_Visitors,Actuals,0.1475
2020,1,Customers,Faridabad,Lv2_Visitors,Actuals,0.12968
2020,1,Customers,Ujjain,Lv4_Visitors,Actuals,0.09881
2020,1,Customers,Dehradun,Lv4_Visitors,Actuals,0.08578
2020,1,Customers,Faridabad,Lv4_Visitors,Actuals,0.08025
2020,1,Customers,Aurangabad,Lv1_Visitors,Actuals,0.0754
2020,1,Customers,Aurangabad,Lv3_Visitors,Actuals,0.0685
2020,1,Customers,Aurangabad,Lv2_Visitors,Actuals,0.04992
2020,1,Customers,Dehradun,Lv5_Visitors,Actuals,0.03875
2020,1,Customers,Ujjain,Lv5_Visitors,Actuals,0.03393
2020,1,Customers,Faridabad,Lv5_Visitors,Actuals,0.02344
2020,1,Customers,Aurangabad,Lv4_Visitors,Actuals,0.02157
2020,1,Customers,Aurangabad,Lv5_Visitors,Actuals,0.00934
2021,1,Customers,India,Lv1_Visitors,Actuals,6.64367
2021,1,Customers,India,Lv3_Visitors,Actuals,5.58042
2021,1,Customers,India,Lv2_Visitors,Actuals,5.21898
2021,1,Customers,India,Lv4_Visitors,Actuals,2.52235
2021,1,Customers,Uddepy,Lv1_Visitors,Actuals,1.09094
2021,1,Customers,Uddepy,Lv3_Visitors,Actuals,0.86408
2021,1,Customers,Uddepy,Lv2_Visitors,Actuals,0.7857
2021,1,Customers,India,Lv5_Visitors,Actuals,0.65623
2021,1,Customers,Uddepy,Lv4_Visitors,Actuals,0.40588
2021,1,Customers,Dehradun,Lv1_Visitors,Actuals,0.3869
2021,1,Customers,Ujjain,Lv1_Visitors,Actuals,0.36443
2021,1,Customers,Faridabad,Lv1_Visitors,Actuals,0.3293
2021,1,Customers,Faridabad,Lv3_Visitors,Actuals,0.31549
2021,1,Customers,Dehradun,Lv2_Visitors,Actuals,0.28271
2021,1,Customers,Ujjain,Lv3_Visitors,Actuals,0.28194
2021,1,Customers,Faridabad,Lv2_Visitors,Actuals,0.27582
2021,1,Customers,Ujjain,Lv2_Visitors,Actuals,0.27358
2021,1,Customers,Dehradun,Lv3_Visitors,Actuals,0.27061
2021,1,Customers,Faridabad,Lv4_Visitors,Actuals,0.15356
2021,1,Customers,Ujjain,Lv4_Visitors,Actuals,0.13521
2021,1,Customers,Uddepy,Lv5_Visitors,Actuals,0.13229
2021,1,Customers,Dehradun,Lv4_Visitors,Actuals,0.10966
2021,1,Customers,Aurangabad,Lv1_Visitors,Actuals,0.08396
2021,1,Customers,Aurangabad,Lv3_Visitors,Actuals,0.07962
2021,1,Customers,Aurangabad,Lv2_Visitors,Actuals,0.06062
2021,1,Customers,Faridabad,Lv5_Visitors,Actuals,0.0602
2021,1,Customers,Dehradun,Lv5_Visitors,Actuals,0.0536
2021,1,Customers,Ujjain,Lv5_Visitors,Actuals,0.0515
2021,1,Customers,Aurangabad,Lv4_Visitors,Actuals,0.03239
2021,1,Customers,Aurangabad,Lv5_Visitors,Actuals,0.0134
2022,1,Customers,India,Lv1_Visitors,Actuals,4.47793
2022,1,Customers,India,Lv2_Visitors,Actuals,2.99158
2022,1,Customers,India,Lv3_Visitors,Actuals,2.35941
2022,1,Customers,Uddepy,Lv1_Visitors,Actuals,1.05203
2022,1,Customers,India,Lv4_Visitors,Actuals,0.8189
2022,1,Customers,Uddepy,Lv2_Visitors,Actuals,0.57375
2022,1,Customers,Uddepy,Lv3_Visitors,Actuals,0.47604
2022,1,Customers,Dehradun,Lv1_Visitors,Actuals,0.30004
2022,1,Customers,Ujjain,Lv1_Visitors,Actuals,0.27941
2022,1,Customers,Uddepy,Lv4_Visitors,Actuals,0.22849
2022,1,Customers,India,Lv5_Visitors,Actuals,0.19861
2022,1,Customers,Dehradun,Lv2_Visitors,Actuals,0.19673
2022,1,Customers,Faridabad,Lv1_Visitors,Actuals,0.19489
2022,1,Customers,Ujjain,Lv2_Visitors,Actuals,0.16853
2022,1,Customers,Faridabad,Lv2_Visitors,Actuals,0.13167
2022,1,Customers,Dehradun,Lv3_Visitors,Actuals,0.11438
2022,1,Customers,Faridabad,Lv3_Visitors,Actuals,0.09529
2022,1,Customers,Ujjain,Lv3_Visitors,Actuals,0.09447
2022,1,Customers,Aurangabad,Lv1_Visitors,Actuals,0.07289
2022,1,Customers,Uddepy,Lv5_Visitors,Actuals,0.07281
2022,1,Customers,Aurangabad,Lv2_Visitors,Actuals,0.04661
2022,1,Customers,Faridabad,Lv4_Visitors,Actuals,0.04168
2022,1,Customers,Ujjain,Lv4_Visitors,Actuals,0.03831
2022,1,Customers,Dehradun,Lv4_Visitors,Actuals,0.03786
2022,1,Customers,Aurangabad,Lv3_Visitors,Actuals,0.03702
2022,1,Customers,Dehradun,Lv5_Visitors,Actuals,0.01693
2022,1,Customers,Aurangabad,Lv4_Visitors,Actuals,0.01428
2022,1,Customers,Ujjain,Lv5_Visitors,Actuals,0.01311
2022,1,Customers,Faridabad,Lv5_Visitors,Actuals,0.01071
2022,1,Customers,Aurangabad,Lv5_Visitors,Actuals,0.00527
